AL0000	other	None
AL0100	error	ERR_InvalidMultilineComment
AL0101	error	ERR_InvalidDecimalLiteral
AL0102	error	ERR_InvalidInt64Literal
AL0103	error	ERR_InvalidInt32Literal
AL0104	error	ERR_SyntaxError
AL0105	error	ERR_IdentifierExpectedKW
AL0106	error	ERR_ForStatementToOrDownToExpected
AL0107	error	ERR_IdentifierExpected
AL0108	error	ERR_IndexersMustHaveAtLeastOneValue
AL0109	error	ERR_UnexpectedToken
AL0110	error	ERR_OrphanedElseStatement
AL0111	error	ERR_SemicolonExpected
AL0112	error	ERR_InvalidAttribute
AL0113	error	ERR_AtLeastOneDimension
AL0114	error	ERR_IntegerLiteralExpected
AL0115	error	ERR_ObjectTypeExpected
AL0116	error	ERR_InvalidPropertyOptionValue
AL0117	error	ERR_IllegalStatement
AL0118	error	ERR_NameNotInContext
AL0119	error	ERR_DuplicateParamName
AL0120	error	ERR_LocalIllegallyOverrides
AL0121	error	ERR_DuplicateVariableName
AL0122	error	ERR_NoImplicitConversion
AL0123	error	ERR_DuplicateReturnValueName
AL0124	error	ERR_PropertyInfoNotAvailable
AL0125	error	ERR_MethodNameExpected
AL0126	error	ERR_BadArgCount
AL0127	error	ERR_NonInvocableMemberCalled
AL0128	error	ERR_LanguageIdExpected
AL0129	error	ERR_AssgLvalueExpected
AL0130	error	ERR_RefLvalueExpected
AL0131	error	ERR_CharAllowedFormatIsWrong
AL0132	error	ERR_NoSuchMember
AL0133	error	ERR_BadArgType
AL0134	error	ERR_UnknownType
AL0135	error	ERR_NoCorrespondingArgument
AL0136	error	ERR_ForLoopVariableMustBeNumeric
AL0137	error	ERR_NoBreak
AL0138	error	ERR_ArrayNotValidForCase
AL0139	error	ERR_ExitValueNotAllowed
AL0140	error	ERR_ExpressionNotValidForWith
AL0142	error	ERR_TemporaryMustBeTable
AL0143	error	ERR_BadIndexLHS
AL0144	error	ERR_BadIndexCount
AL0145	error	ERR_ArrayNotValidForAssign
AL0146	error	ERR_ArrayIsTooBig
AL0147	error	ERR_ArrayDimensionMustBePositiveNumber
AL0148	error	ERR_InvalidTableFilter
AL0149	error	ERR_ElseWithoutIf
AL0150	error	ERR_InvalidConstExpression
AL0151	error	ERR_LeftMustBeOption
AL0152	error	ERR_DuplicateOption
AL0153	error	ERR_PropertyCannotBeBlank
AL0154	error	ERR_FieldLengthTooBig
AL0155	error	ERR_DuplicateMemberName
AL0156	error	ERR_InvalidFieldType
AL0157	error	ERR_InvalidVariableType
AL0158	error	ERR_InvalidParameterType
AL0159	error	ERR_InvalidReturnType
AL0160	error	ERR_InvalidLanguageId
AL0161	error	ERR_BadAccess
AL0162	error	ERR_UnknownTrigger
AL0163	error	ERR_InvalidTriggerSignature
AL0164	error	ERR_DuplicateTrigger
AL0165	error	ERR_TriggersCannotBeCalledDirectly
AL0166	error	ERR_BadArgMember
AL0167	error	ERR_MissingAssociatedPropertyMultipleValues
AL0168	error	ERR_MissingAssociatedProperty
AL0169	error	ERR_InvalidOptionValue
AL0170	error	ERR_EqualExpected
AL0171	error	ERR_InvalidPropertyValue
AL0172	error	ERR_AmbigUnaryOp
AL0173	error	ERR_BadUnaryOp
AL0174	error	ERR_AmbigBinaryOps
AL0175	error	ERR_BadBinaryOps
AL0176	error	ERR_InvalidCalculationFormulaMethod
AL0177	error	ERR_InvalidApplicationObjectIdentifier
AL0178	error	ERR_ExpectedFilterKeywordOrIdentifier
AL0179	error	ERR_ExpectedIdentifierOrMemberAccess
AL0180	error	ERR_ExpectedFilterKeyword
AL0181	error	ERR_InvalidFilterExpression
AL0182	error	ERR_ExpectedIdentifierOrLiteral
AL0183	error	ERR_UnexpectedCharacter
AL0184	error	ERR_InvalidPropertyExpression
AL0185	error	ERR_MissingApplicationObject
AL0186	error	ERR_MissingTypeReference
AL0187	error	ERR_AttributeAllowedOnlyOn
AL0189	error	ERR_MutuallyExclusiveAttributes
AL0190	error	ERR_InvalidTimeLiteral
AL0191	error	ERR_InvalidDateLiteral
AL0192	error	ERR_ReturnValueMustBeUsed
AL0193	error	ERR_BadArgTypeMustBeSameAsFirstArgument
AL0195	error	ERR_InvalidPermissionValue
AL0196	error	ERR_AmbigCall
AL0197	error	ERR_AppObjDuplicateName
AL0198	error	ERR_ExpectedApplicationObjectKeyword
AL0199	error	ERR_InvalidSumIndexKeyType
AL0200	warning	WRN_PropertyIsObsolete
AL0201	error	ERR_FlowFieldMustBeBoolean
AL0202	error	ERR_FlowFieldMustBeInteger
AL0203	error	ERR_SumAverageOnlySupportedForNumericFields
AL0204	error	ERR_FieldTypeMismatch
AL0206	error	ERR_DuplicateFieldId
AL0207	error	ERR_ExpressionMustBeTextType
AL0208	error	ERR_ExpressionMustBeBooleanType
AL0210	error	ERR_DuplicateControlId
AL0211	error	ERR_InvalidAreaKind
AL0212	error	ERR_DuplicateAreaKind
AL0213	error	ERR_AreaOnlyValidOnPageOfType
AL0214	error	ERR_FactBoxesNotAllowedOnParts
AL0215	error	ERR_PartsCannotContainParts
AL0216	error	ERR_FactBoxesCanOnlyContainParts
AL0217	error	ERR_OnlyGroupsAndPartsAreValidInRoleCenters
AL0218	error	ERR_ExpectedIntLiteral
AL0219	error	ERR_ExpectedStringLiteral
AL0220	error	ERR_ExpectedBooleanLiteral
AL0221	error	ERR_ValueOutsideValidRange
AL0222	error	ERR_InvalidSymbolId
AL0223	error	ERR_MissingAssociatedPropertySingleValue
AL0224	error	ERR_ExpressionExpected
AL0227	error	ERR_DuplicateKeyId
AL0228	error	ERR_DuplicateFieldGroupId
AL0229	error	ERR_InvalidExtendedDataTypeRatio
AL0230	error	ERR_RequiresTextualExtendedDataType
AL0231	error	ERR_DuplicateMemberId
AL0232	error	ERR_PropertyValueMustBePositive
AL0234	error	ERR_DuplicateActionId
AL0235	warning	WRN_EmptyConstIsObsolete
AL0236	error	ERR_EmptyConstIsNotSupported
AL0238	error	ERR_BadAttributeArgCount
AL0239	error	ERR_DuplicateAttribute
AL0240	error	ERR_ParameterTypeDoesNotMatchAttribute
AL0241	error	ERR_ParameterCountDoesNotMatchAttribute
AL0242	error	ERR_InvalidAttributeArgumentSyntax
AL0243	error	ERR_BadAttributeCodeunitSubtype
AL0244	error	ERR_ReturnValueTypeDoesNotMatchAttribute
AL0245	error	ERR_VisibilityDoesNotMatchAttribute
AL0246	error	ERR_NonCustomizableProperty
AL0247	error	ERR_ExtensionTargetNotFound
AL0250	error	ERR_RequiresMediaExtendedDataType
AL0251	warning	WRN_PermissionObjectIsMissing
AL0252	error	ERR_ExpectedAscendingOrDescendingKeyword
AL0254	warning	WRN_SortingFieldShouldBePartOfKey
AL0255	error	ERR_RequiresApplicationObjectRunObject
AL0256	error	ERR_FlowFieldCannotBePartOfKeys
AL0257	error	ERR_InvalidDateTimeLiteral
AL0259	error	ERR_SqlIndexOnPKMustBeIdentical
AL0260	error	ERR_PrimaryKeyAppendedToSecondaryKey
AL0261	error	ERR_DuplicateListMember
AL0262	error	ERR_ClusteredKeyCanAppearOnce
AL0263	error	ERR_PrimaryKeyMustBeEnabled
AL0264	error	ERR_AppObjDuplicateId
AL0267	error	ERR_ActionsAreNotAllowedOnThisControlType
AL0268	error	ERR_GroupingOfActionsNotAllowed
AL0269	warning	WRN_ERR_PagePartMustBePart
AL0270	error	ERR_ControlNotFound
AL0271	error	ERR_ActionNotFound
AL0272	error	ERR_AnchorMustBeGroupType
AL0273	warning	WRN_ERR_ReuseOfAreaName
AL0274	error	ERR_AnchorCannotBeArea
AL0275	error	ERR_AmbigSymbolReference
AL0276	error	ERR_ExpectedTimeLiteral
AL0277	error	ERR_ExpectedDateLiteral
AL0278	error	ERR_ExpectedDateTimeLiteral
AL0279	error	ERR_TableKeyTooManyFields
AL0280	error	ERR_EventNotFound
AL0281	error	ERR_MemberNotAnEvent
AL0282	error	ERR_EventUnmatchedParameter
AL0283	error	ERR_EventReturnNotValid
AL0284	error	ERR_EventSubscriberParameterTypeMismatch
AL0285	error	ERR_EventPublisherIncludeSenderWithParameterSender
AL0286	error	ERR_EventPublisherCannotContainCode
AL0287	error	ERR_EventPublisherCannotContainVariables
AL0288	error	ERR_EventParameterByVarIsNotAllowed
AL0290	error	ERR_EventElementNameShouldBeEmpty
AL0291	error	ERR_EventTriggerEventPageMissingSourceTable
AL0292	error	ERR_ExpectedFieldFilterOrConstKeyword
AL0293	error	ERR_PropertyValueNotAValidOptionValue
AL0294	error	ERR_PropertyTypeFieldTypeMismatch
AL0295	error	ERR_FieldNotFound
AL0296	error	ERR_SymbolCannotBeUsedInThisContext
AL0297	error	ERR_ApplicationObjectIdentifierOutOfBounds
AL0298	error	ERR_InvalidStyleExpressionPropertyValue
AL0299	warning	WRN_ERR_MemberNameOnlyAllowedForTriggers
AL0300	error	ERR_PropertyUsedAsMethod
AL0301	error	ERR_ListCannotEndWithSeparator
AL0302	error	ERR_UseBeforeDeclaration
AL0303	error	ERR_AttributeNotOnAValidSymbol
AL0304	error	ERR_IdentifierTooLong
AL0305	error	ERR_ObjectIdentifierTooLong
AL0306	error	ERR_FieldListCannotBeEmpty
AL0307	error	ERR_SourceTableUnreachable
AL0308	error	ERR_PrimaryKeyMustHaveMaintainSqlIndexEnabled
AL0309	error	ERR_TableTooManyKeys
AL0310	error	ERR_ObjectRequired
AL0311	error	ERR_ObjectProhibited
AL0313	error	ERR_AttributeOnlyAllowedIn
AL0314	error	ERR_PropertyOnlyValidInControlOfType
AL0315	error	ERR_ControlNotInGroup
AL0316	error	ERR_ExpressionMustBeIntegerType
AL0317	error	ERR_DuplicateProperty
AL0318	error	ERR_InvalidRunObjectPropertyValue
AL0319	error	ERR_MissingTargetsForMove
AL0320	error	ERR_PageMustSpecifySourceTable
AL0321	error	ERR_InvalidInDatasetDatatype
AL0322	error	ERR_InvalidInClientExpression
AL0323	error	ERR_InvalidSystemPartKind
AL0324	error	ERR_LanguageSpecifiedMoreThanOnce
AL0325	error	ERR_FieldTypeCannotBeUsedInKey
AL0326	error	ERR_InvalidColumnType
AL0327	error	ERR_MissingDocument
AL0329	error	ERR_WordMergeDataItemMustBeTopLevel
AL0331	error	ERR_TopLevelDataItemCannotHaveLinkProperty
AL0332	error	ERR_InvalidControlType
AL0333	error	ERR_InvalidFieldAccessSyntax
AL0334	error	ERR_ExtensionCannotBeDeclared
AL0335	error	ERR_AttributesMustBeNestedInsideElements
AL0336	error	ERR_ThereMustBeOneRootNode
AL0337	error	ERR_MissingTableElement
AL0338	error	ERR_EventTriggerEventPageMissingSourceTableButFilled
AL0340	error	ERR_InvalidRoleCenterPage
AL0341	error	ERR_MissingObjectProperty
AL0342	error	ERR_UnionsAreNotSupportedInQueries
AL0343	error	ERR_QueriesMustHaveTopLevelDataItem
AL0344	error	ERR_DataItemLinkMustBeSetForNestedDataItems
AL0345	error	ERR_QueryElementSourceMustBeFieldOnTable
AL0346	error	ERR_DateMethodsIncompatibleWithQueryColumnType
AL0347	error	ERR_AggregationMethodsIncompatibleWithQueryColumnType
AL0349	error	ERR_MissingColumnReference
AL0350	error	ERR_DuplicateColumnReference
AL0351	error	ERR_DataItemLinkMustReferenceFieldOnAncestorDataItem
AL0352	error	ERR_QueriesMustDefineAtLeastOneColumn
AL0353	error	ERR_QueryColumnsMustDefineSourceExpressionOrCountMethod
AL0354	error	ERR_CannotMoveRelativeToItself
AL0355	error	ERR_CannotMoveMultipleTimes
AL0356	error	ERR_CannotModifyMultipleTimes
AL0357	error	ERR_CannotAddMultipleTimes
AL0358	error	ERR_CannotMoveOrModifyInTheSameExtensionYouAdded
AL0359	error	ERR_InvalidXmlName
AL0360	error	ERR_TextLiteralNotProperlyTerminated
AL0361	error	ERR_IdentifierNotProperlyTerminated
AL0362	error	ERR_PathMustBeRelative
AL0363	error	ERR_PathSeperatorIsNotValidOnCurrentOs
AL0364	error	ERR_OptionReferencedAsMember
AL0365	error	ERR_PropertyValuesAreMutuallyExclusive
AL0366	error	ERR_TableHasToHaveAtLeastOneNormalField
AL0367	error	ERR_ArrayMustHaveAtLeastOneDimension
AL0368	error	ERR_ArrayTooManyDimensions
AL0369	error	ERR_ConstOutOfRange
AL0370	error	ERR_DivByZero
AL0371	error	ERR_CheckedOverflow
AL0372	error	ERR_ConstantStringTooLong
AL0373	error	ERR_XmlNameMustBeSpecified
AL0374	warning	WRN_DeprecatedIdSyntax
AL0375	error	ERR_OptionCannotContainComma
AL0376	error	ERR_ControlTypeNotAllowedInParent
AL0377	error	ERR_InvalidAttributeValueForVariableType
AL0378	error	ERR_RoleCenterShouldNotHaveTriggers
AL0379	error	ERR_NameIsNotValidClsIdentifier
AL0380	error	ERR_CannotMoveSymbolsBetweenAreas
AL0381	error	ERR_DuplicatedKeyFields
AL0382	error	ERR_AmbiguosOptionAccess
AL0383	error	ERR_UndefinedOptionValue
AL0384	error	ERR_DuplicateColumnOrLabelName
AL0385	error	ERR_IncludeCaptionCannotBeSetForNonField
AL0386	error	ERR_MissingPackageDependency
AL0387	error	ERR_DuplicateNamespacePrefix
AL0388	error	ERR_DateFormulaSignMissing
AL0389	error	ERR_DateFormulaNumberOutOfRange
AL0390	error	ERR_DateFormulaShouldIncludeQuantor
AL0391	error	ERR_DateFormulaShouldIncludeANumber
AL0392	error	ERR_DateFormulaValueTooLong
AL0393	error	ERR_PermissionDuplicatedObject
AL0395	error	ERR_CannotHaveAddSymbolsOnPageCustomizationLayout
AL0396	error	ERR_CannotHaveMethodsOnPageCustomization
AL0397	error	ERR_ColumnNameFormatClash
AL0398	error	ERR_ConstantValueNotAValidOptionValue
AL0399	error	ERR_CannotHaveVariablesOnPageCustomization
AL0401	error	ERR_MultiplePageCustomizationsSpecifiedPerProfilePerTargetPage
AL0402	error	ERR_DuplicateCaseStatement
AL0403	error	ERR_ModifyContainsNoChange
AL0404	error	ERR_PropertyInvalidOnTableExtension
AL0405	error	ERR_ExpectedOptionValue
AL0406	error	ERR_InvalidTypeForSomething
AL0407	error	ERR_GenericTypeArgumentCountMismatch
AL0408	error	ERR_InvalidTypeArgument
AL0409	error	ERR_TypeIsNotGeneric
AL0410	error	ERR_NoRequestPage
AL0411	error	ERR_DuplicateLabelProperty
AL0412	error	ERR_NotAllowedSyntax
AL0413	error	ERR_MethodBodyNotAllowed
AL0414	error	ERR_MethodBodyMustBeSpecified
AL0415	error	ERR_AccessibilityModifierNotAllowed
AL0416	error	ERR_ReturnValueNotAllowed
AL0417	error	ERR_ControlAddInNotFound
AL0418	error	ERR_ControlAddWrongLinkFormat
AL0419	error	ERR_EventSubscriberMissingParameter
AL0420	error	ERR_VarParameterNotAllowed
AL0421	error	ERR_ForEachExpressionMustBeEnumerable
AL0422	error	ERR_InvalidApiVersionId
AL0423	error	ERR_PropertyCanBeUsedOnlyOnKeysWithFieldsFromTheSameTable
AL0424	warning	WRN_ObsoleteMultilanguageSyntax
AL0425	error	ERR_InvalidCodeunitSubtypeForTrigger
AL0426	error	ERR_DuplicateApiVersionId
AL0427	error	ERR_CalcFormulaConversionError
AL0428	error	ERR_CannotSpecifyPropertiesAtTheSameTime
AL0429	error	ERR_RepeaterCanOnlyBeAddedToPagesThatHaveASourceTable
AL0430	error	ERR_ParameterTypeNotSerializable
AL0432	warning	WRN_ObsoleteStatePending
AL0433	error	ERR_ObsoleteStateObsolete
AL0434	error	ERR_ExpectedNumericLiteral
AL0435	error	ERR_ExpectedLiteral
AL0436	error	ERR_PropertyValueCannotBeEmpty
AL0437	error	ERR_EmptyListMember
AL0438	error	ERR_ValueTypeDoesNotMatchFieldType
AL0439	error	ERR_InvalidLabelProperty
AL0440	error	ERR_MethodAlreadyExists
AL0441	error	ERR_EventTriggerPageParameterMissingSourceTable
AL0442	error	ERR_EventTriggerPageParameterMissingSourceTableButFilled
AL0443	error	ERR_InvalidSystemObject
AL0444	error	ERR_MalformedReportLayout
AL0445	error	ERR_FileInUse
AL0447	error	ERR_PropertyValueCannotBeUsedInThisContext
AL0448	error	ERR_MemberNotAllowedInContext
AL0449	error	ERR_DuplicateDotNetTypeAlias
AL0450	error	ERR_ObsoleteFieldCannotBeUsedInKey
AL0451	error	ERR_DotNetAssemblyCouldNotBeFound
AL0452	error	ERR_DotNetTypeCouldNotBeFound
AL0453	error	ERR_ExperimentalFeatureDisabled
AL0454	error	ERR_ExtensionTargetTypeCannotBeExtended
AL0455	error	ERR_InvalidOptionOrdinalValue
AL0456	error	ERR_InvalidNumberOfOptionOrdinalValues
AL0457	warning	WRN_IncorrectLabelSyntax
AL0458	error	ERR_InvalidAttributeForVariableType
AL0459	error	ERR_AttributeCanOnlyBeSpecifiedOnGlobalVariables
AL0460	error	ERR_ClientSideEventsAreSupportedOnlyOnPages
AL0461	error	ERR_InvalidDotNetEventPublisher
AL0462	error	ERR_UnknownDotNetEvent
AL0463	error	ERR_EventParameterByVarMismatch
AL0464	error	ERR_CouldNotDetermineDefaultPrimaryKey
AL0465	error	ERR_ExternalResourceNotAllowed
AL0466	error	ERR_FileIsReadonly
AL0467	warning	WRN_FileIsReadonly
AL0468	warning	WRN_ERR_FieldNameIdentifierTooLong
AL0470	error	ERR_HeadlinePartMustUsedInRoleCenter
AL0471	error	ERR_WrongLinkFormat
AL0472	warning	WRN_TranslationItemSourceStringMismatch
AL0473	warning	WRN_TranslationItemTranslatedStringTooLong
AL0474	error	ERR_AttributeCanOnlyBeSpecifiedOnLocalVariables
AL0475	error	ERR_AttributeCannotBeUsedOnVariablesOfArrayType
AL0476	error	ERR_TriggerMissingAssociatedProperty
AL0477	error	ERR_TriggerMissingAssociatedPropertySingleValue
AL0478	error	ERR_TriggerMissingAssociatedPropertyMultipleValues
AL0479	warning	WRN_DuplicateTranslationItemForSameId
AL0480	error	ERR_AttributesCannotHaveNestedElements
AL0481	warning	WRN_ERR_FieldImageOnlyOnFieldInCueGroup
AL0482	warning	WRN_ImageNotValid
AL0483	warning	WRN_ImageOnNestedActionGroupInSectionsArea
AL0484	error	ERR_InvalidAlphaNumeric
AL0485	error	ERR_MissingMandatoryPropertyObjectOfTypeAPI
AL0486	warning	WRN_ERR_DuplicateMemberName
AL0487	error	ERR_FieldWithInvalidFieldClassAsIndexField
AL0488	error	ERR_InvalidControlAddInNameCharacter
AL0489	error	ERR_PropertyExpressionKindIsNotValidExpectedConstOrFilter
AL0490	error	ERR_PropertyExpressionKindIsNotValidExpectedConstOrFieldOrFilter
AL0491	error	ERR_PropertyExpressionKindIsNotValidExpectedAllExpressionKind
AL0492	error	ERR_ActionAreaShouldOnlyRunListPages
AL0493	warning	WRN_ERR_ActionAreaShouldOnlyRunListPages
AL0494	error	ERR_ActionAreaShouldOnlyContainGroups
AL0495	error	ERR_DuplicateMemberIdFromHash
AL0496	error	ERR_AttributeContext
AL0498	error	ERR_AttributeCanOnlyBeUsedOnProceduresWithAttribute
AL0499	error	ERR_MissingHandlerFunction
AL0500	error	ERR_HandlerFunctionsListShouldNotHaveSpaces
AL0501	error	ERR_TestCodeunitsEventSubscribersMustHaveManualBinding
AL0502	error	ERR_LinkTableValueMustReferenceTableElement
AL0503	error	ERR_AmbigMemberReference
AL0504	error	ERR_EnumNotExtensible
AL0505	error	ERR_ApiPageShouldHaveDelayedInsert
AL0506	error	ERR_AreaShouldOnlyContainGroups
AL0509	warning	WRN_ConstantValueNotAValidOptionValue
AL0510	error	ERR_DotNetTypeIsNotControlAddIn
AL0511	error	ERR_DotNetTypeDeclarationDoesNotContainIsControlAddInProperty
AL0512	error	ERR_MissingSupportedLocalesManifestProperty
AL0513	error	ERR_FieldGroupNotFound
AL0514	error	ERR_DuplicateLegacyEnumId
AL0515	error	ERR_DuplicateLegacyEnumName
AL0516	error	ERR_DuplicateLegacyEnumValuesDiffer
AL0517	error	ERR_InvalidHelpLinkProperty
AL0518	error	ERR_DuplicateHandlerMethodName
AL0519	error	ERR_InvalidValueInContext
AL0520	warning	WRN_ObsoleteStateObsolete
AL0521	error	ERR_PrimaryKeyMustNotHaveUnique
AL0522	error	ERR_PropertyValueNotAValidEnumValue
AL0523	warning	WRN_ERR_MethodAlreadyExists
AL0524	warning	WRN_ERR_MethodAlreadyDeclaredInBase
AL0525	error	ERR_SystemTableCannotBeExtended
AL0526	error	ERR_ApiPageCouldOnlyBePartOfAnotherApiPage
AL0527	error	ERR_SqlTimestampFieldCannotBePartOfKeys
AL0528	error	ERR_ApiPageFieldsShouldHaveAlphaNumericName
AL0529	error	ERR_ApiQueryColumnsShouldHaveAlphaNumericName
AL0530	error	ERR_TypeLengthTooBig
AL0531	error	ERR_ApiPageAndSubpagePropertyMismatch
AL0532	error	ERR_ApiPagePartAndSubpagePropertyMismatch
AL0533	error	ERR_ViewNotFound
AL0534	warning	WRN_ERR_KeyNameIdentifierTooLong
AL0535	error	ERR_ApiPagePartMustBePartOrApi
AL0536	error	ERR_AddChangeNotSupportedForViews
AL0537	error	ERR_ViewsOnlySupportedOnPagesOfType
AL0538	error	ERR_ViewsOrderByOnlySupportOneDirection
AL0539	error	ERR_DuplicateTableFieldReference
AL0540	error	ERR_InvalidViewName
AL0541	error	ERR_ViewsBooleanExpressionsShouldNotUseVariables
AL0542	error	ERR_PropertyNotAllowedOnPageWithoutSourceTable
AL0543	error	ERR_ContextSentiveHelpRequiresManifestProperty
AL0544	error	ERR_ContextSentiveHelpWithPlaceholder
AL0545	warning	WRN_ERR_AreaNotValidOnPageOfType
AL0546	error	ERR_ViewsLayoutOnlySupportedOnContent
AL0547	warning	WRN_ERR_EventPublisherCannotExposeGlobalVariables
AL0548	warning	WRN_ERR_CannotMoveSymbolsBetweenAreas
AL0549	error	ERR_CannotHaveMethodsOnPageViews
AL0550	warning	WRN_ERR_ActionAreaGroupShouldOnlyContainActions
AL0551	warning	WRN_ERR_ActionAreaShouldOnlyContainActions
AL0552	warning	WRN_ERR_ActionAreaShouldOnlyContainGroups
AL0553	error	ERR_CannotAddActionsOfTypeFromPageCustomization
AL0554	error	ERR_CannotHaveAddSymbolsOnPageCustomizationActions
AL0555	error	ERR_ActionAreaShouldOnlyRunObjectsOfType
AL0556	warning	WRN_ERR_ActionAreaShouldOnlyRunObjectsOfType
AL0557	warning	WRN_CodeunitLocalVariableShadowingTableField
AL0558	warning	WRN_CodeunitGlobalvariableHasSameNameAsTableField
AL0559	warning	WRN_ERR_PartsCannotContainParts
AL0560	warning	WRN_ERR_OnlyGroupsAndPartsAreValidInRoleCenters
AL0561	warning	WRN_ERR_FactBoxesCanOnlyContainParts
AL0562	warning	WRN_ERR_InvalidSystemPartKind
AL0563	warning	WRN_ERR_ControlTypeNotAllowedInParent
AL0564	error	ERR_ObjectNotExtensible
AL0565	error	ERR_InvalidManifestRadCheck
AL0566	error	ERR_TableUsingReservedFieldId
AL0567	warning	WRN_TableFieldShadowingSystemField
AL0568	warning	WRN_ERR_ActionAreaGroupShouldOnlyContainActionsOrGroups
AL0569	warning	WRN_ERR_RoleCenterShouldNotHaveProcedures
AL0570	error	ERR_TranslationIdDuplication
AL0571	warning	WRN_ERR_UseCaptionPropertyForProfile
AL0572	error	ERR_GenericIOError
AL0573	warning	WRN_ERR_InvalidInClientExpression
AL0574	error	ERR_ObjectNotAllowedForExtensionDevelopment
AL0575	error	ERR_CannotReferenceElementDefinedInPageCustomization
AL0576	error	ERR_InvalidProfileName
AL0577	error	ERR_ViewWithLayoutChangesMustHaveSharedLayout
AL0578	error	ERR_InvalidLabelPropertyValue
AL0579	error	ERR_InvalidMultilanguagePropertyValue
AL0580	error	ERR_SynthesizedFieldCannotBeUsedInKey
AL0581	error	ERR_TypeLengthMustBePositive
AL0582	error	ERR_InterfaceRequiredMemberMissing
AL0584	error	ERR_InterfaceMemberCantHaveVarSection
AL0585	error	ERR_InterfaceCantHaveVarSection
AL0586	warning	WRN_ERR_IdentifierContainsInvalidCharacters
AL0587	error	ERR_DuplicateInterfaceImplementationNotAllowed
AL0588	warning	WRN_EventSubscriberParameterEnumToOption
AL0589	warning	WRN_ERR_DuplicateColumnDataItemName
AL0590	warning	WRN_ERR_PropertyMustBeSetOnGroupKind
AL0591	error	ERR_PropertyMustBeSetOnGroupKind
AL0592	warning	WRN_CompatibilityReason
AL0593	warning	WRN_ERR_EventSubscriberParameterTypeLossyConversion
AL0594	error	ERR_XmlSerializationErrorOccurred
AL0595	error	ERR_InterfaceIsNotImplementedByObj
AL0596	error	ERR_InterfaceIsNotImplementedByEnumValueOrDefaultImplementation
AL0598	warning	WRN_ERR_CannotMoveOrModifyInTheSameExtensionYouAdded
AL0599	error	ERR_ControlAddInDuplicatedMetadataName
AL0600	warning	WRN_ERR_RelaxedOptionRelatedProperty
AL0601	warning	WRN_ERR_ObsoleteStateObsolete
AL0602	warning	WRN_ERR_BadAccess
AL0603	warning	WRN_DangerousImplicitConversion
AL0604	warning	WRN_ERR_UseOfImplicitWith
AL0605	other	HDN_UseOfImplicitWith
AL0606	warning	WRN_ERR_UseOfExplicitWith
AL0607	other	HDN_UseOfExplicitWith
AL0608	warning	WRN_ERR_OrderByWithoutFields
AL0609	warning	WRN_AddingActionCueGroup
AL0610	warning	WRN_MovingActionCueGroup
AL0611	warning	WRN_ModifyActionCueGroup
AL0612	error	ERR_InterfaceMemberMustBeDeclareMethod
AL0613	warning	WRN_ERR_InvalidTriggerSignature
AL0614	warning	WRN_ERR_ReservedPropertyValue
AL0615	warning	WRN_ERR_ODataKeyFieldNotReferenced
AL0616	error	ERR_ReservedCodeunitInterfaceMethodSignature
AL0617	warning	WRN_ERR_OnBeforeActionEventNotValidWithRunObject
AL0619	error	ERR_CaptionAttributeNotServiceProcedure
AL0620	error	ERR_BadDirectivePlacement
AL0621	error	ERR_PPDirectiveExpected
AL0622	error	ERR_EndRegionDirectiveExpected
AL0623	error	ERR_EndifDirectiveExpected
AL0624	error	ERR_UnexpectedDirective
AL0625	error	ERR_PPDefFollowsToken
AL0626	warning	WRN_IdentifierOrNumericLiteralExpected
AL0627	warning	WRN_IllegalPPWarning
AL0628	warning	WRN_IllegalPragma
AL0629	error	ERR_InvalidPreprocExpr
AL0630	error	ERR_IllegalEscape
AL0631	error	ERR_EndOfPPLineExpected
AL0632	error	ERR_CloseParenExpected
AL0633	warning	WRN_IllegalPPImplicitWith
AL0634	warning	WRN_EndOfPPLineExpected
AL0635	warning	WRN_ERR_EventSubscriberWithOnPremAttribute
AL0636	error	ERR_RequiresBigTextExtendedDataType
AL0637	error	ERR_NavigationMustBeOnAPIPage
AL0638	error	ERR_VariantAsReportColumn
AL0639	warning	WRN_ERR_VariantAsReportColumn
AL0640	warning	WRN_XMLParseError
AL0641	warning	WRN_MissingParamTag
AL0642	warning	WRN_MissingXMLComment
AL0643	warning	WRN_UnprocessedXMLComment
AL0644	warning	WRN_UnmatchedParamTag
AL0645	warning	WRN_UnmatchedParamRefTag
AL0646	warning	WRN_DuplicateParamTag
AL0647	warning	WRN_ErrorOverride
AL0648	error	ERR_OpenEndedComment
AL0649	warning	WRN_ERR_CommaInEnumValue
AL0650	warning	WRN_ERR_TranslationSourceStringTooLong
AL0651	error	ERR_PermissionSetCircularReference
AL0652	error	ERR_PermissionSetSelfReference
AL0653	error	ERR_IdSyntaxNotAllowed
AL0654	error	ERR_PropertyWrongFileExtension
AL0655	warning	WRN_ERR_DataItemLinkMustReferenceParent
AL0656	error	ERR_CannotAnchorControlsAddedInTheSameExtension
AL0657	error	ERR_MissingMandatoryPropertyOfPartOfTypeAPI
AL0658	error	ERR_MemberNameOnlyAllowedForTriggers
AL0659	warning	WRN_EnumIdentifierTooLong
AL0660	warning	WRN_ERR_NonCustomizableProperty
AL0662	warning	WRN_BigIntegerNarrowingConversionInProperty
AL0663	warning	WRN_BigIntegerNarrowingConversionInPropertyToEnum
AL0665	error	ERR_ReturnTypeIsNotSupportedForVersion
AL0666	error	ERR_FeatureNotAvailable
AL0667	warning	WRN_ERR_DeprecatedFeature
AL0668	error	ERR_FeatureNotSupportedOnCrossPlatformBuilds
AL0670	error	ERR_ObjectChangeNotFoundInCompilation
AL0671	error	ERR_DeletedObjectChangeFoundInCompilation
AL0672	error	ERR_DataItemTableFilterOnNonNormalField
AL0673	error	ERR_RequiredProperty
AL0674	error	ERR_ConditionalRequiredProperty
AL0675	error	ERR_InterfaceIsAlreadyImplemented
AL0676	error	ERR_ProtectedMemberNotAllowedForObject
AL0677	warning	WRN_ERR_ProtectedMemberNotAllowedForObject
AL0678	info	INF_DuplicateMemberMetadataNames
AL0679	warning	WRN_MissingObjectEntitlement
AL0680	error	ERR_CannotAddNewTopLevelDataItem
AL0681	error	ERR_DataItemNotFound
AL0682	error	ERR_DataItemOrColumnNotFound
AL0683	error	ERR_ObjectEntitlementFromOtherModule
AL0684	warning	WRN_ObjectEntitlementContainsFromOtherModule
AL0685	warning	WRN_ERR_CalcFormulaTargetCannotBeLargerThanSourceField
AL0686	error	ERR_MethodAlreadyDeclaredInBase
AL0687	error	ERR_IncludedFieldsContainsPrimaryKeyField
AL0688	error	ERR_IncludedFieldsContainsKeyField
AL0689	error	ERR_IncludedFieldsContainsSqlIndexField
AL0690	error	ERR_PrimaryKeyContainsIncludedFields
AL0691	error	ERR_PrimaryKeyMustNotBeObsolete
AL0692	warning	WRN_ERR_PrimaryKeyMustNotBeObsolete
AL0693	error	ERR_PrimaryKeyFieldMustNotBeObsolete
AL0694	warning	WRN_ERR_PrimaryKeyFieldMustNotBeObsolete
AL0695	warning	WRN_ERR_MethodCannotBeUsedInThisContext
AL0696	error	ERR_ArgumentShouldBeFieldType
AL0697	warning	WRN_ERR_ArgumentShouldBeFieldType
AL0698	error	ERR_InvalidCaseOfType
AL0699	error	ERR_OnlySymbolsFromBaseAreAllowed
AL0700	warning	WRN_ERR_DependencyOnSpecialAppExplicitlyNotAsProperty
AL0701	error	ERR_DependencyOnSpecialAppExplicitlyNotAsProperty
AL0702	warning	WRN_ERR_DependencyOnSpecialAppExplicitlyAndAsProperty
AL0703	error	ERR_DependencyOnSpecialAppExplicitlyAndAsProperty
AL0704	error	ERR_EmptyDefaultExcelLayout
AL0705	error	ERR_DuplicateLayoutName
AL0706	error	ERR_LegacyLayoutProperty
AL0707	error	ERR_LayoutFilenameInvalidExtension
AL0708	error	ERR_InvalidMimeType
AL0709	error	ERR_FileDoesNotExist
AL0710	error	ERR_InvalidDefaultLayout
AL0711	warning	WRN_ERR_DuplicateMemberNameWithCueAction
AL0712	error	ERR_DuplicateMemberNameWithCueAction
AL0713	error	ERR_ControlAddInEventsShouldBeImplementedAsTriggers
AL0714	error	ERR_ReuseOfAreaName
AL0715	warning	WRN_ERR_ReservedName
AL0716	error	ERR_ReservedName
AL0717	warning	WRN_MissingCalcFormulaOnFlowField
AL0718	error	ERR_InvalidReportLayoutName
AL0719	info	INF_ArgumentShouldBeFieldType
AL0720	error	ERR_AppObjectNotFound
AL0721	error	ERR_DefaultRenderingLayoutMustBeSpecified
AL0722	error	ERR_PropertyNotAllowedForActionsV2
AL0723	error	ERR_ActionTypeNotAllowedForActionRef
AL0724	error	ERR_AreaNotValidOnPageOfType
AL0725	error	ERR_ActionTypeIsNotSupportedInArea
AL0726	error	ERR_ExpectedIdentifierOrLiteralOrOptionAccess
AL0727	warning	WRN_ERR_MissingAssociatedProperty
AL0728	warning	WRN_ERR_MissingAssociatedPropertySingleValue
AL0729	warning	WRN_ERR_MissingAssociatedPropertyMultipleValues
AL0730	error	ERR_InvalidSumIndexField
AL0731	warning	WRN_ERR_NameNotInContext
AL0732	error	ERR_AccessModifierNotAllowedInContext
AL0733	warning	WRN_ERR_AccessModifierNotAllowedInContext
AL0734	error	ERR_PropertyValueInvalidGuid
AL0735	error	ERR_CustomActionCannotBeUsedWithPromotedActionProperties
AL0736	error	ERR_InvalidFlowEnvironmentIdPropertyValue
AL0737	error	ERR_ActionRefOrPromotedGroupCannotBeReferenedWhenUsingPromotedActionSyntax
AL0738	error	ERR_EmptyMemberName
AL0739	warning	WRN_EmptyMemberName
AL0740	error	ERR_PermissionSetIncludedExcludeSamePermissionSet
AL0741	error	ERR_PermissionSetSelfReferenceExclude
AL0742	error	ERR_InvalidPropertyForActionInControlOfType
AL0743	warning	WRN_ERR_InvalidPropertyForActionInControlOfType
AL0744	error	ERR_InvalidPropertyForRequestPage
AL0745	warning	WRN_ERR_InvalidPropertyForRequestPage
AL0746	error	ERR_AutoIncrementFieldCanOnlyAppearOnce
AL0747	error	ERR_RequiresNonConstTextualType
AL0748	warning	WRN_PublicMethodReturnValueExposingInternalTypes
AL0749	warning	WRN_PublicMethodParameterExposingInternalTypes
AL0750	error	ERR_CantNestEnumValues
AL0751	warning	WRN_ERR_CantNestEnumValues
AL0752	error	ERR_EmptyDataitemName
AL0753	warning	WRN_ERR_EmptyDataitemName
AL0754	error	ERR_BuiltInMemberAlreadyExists
AL0755	warning	WRN_ERR_BuiltInMemberAlreadyExists
AL0756	warning	WRN_DivisionByAbsWillChangeItsBehaviour
AL0757	error	ERR_DuplicateMemberMetadataNames
AL0758	warning	WRN_ERR_DuplicateMemberMetadataNames
AL0759	error	ERR_InvalidFormatRegion
AL0760	error	ERR_UnsupportedFormatRegion
AL0761	error	ERR_ExternalBusinessEventCategoryInvalideEnum
AL0762	error	ERR_ArgumentTooLong
AL0763	error	ERR_InvalidAlphanumericArgument
AL0764	error	ERR_EmptyArgument
AL0765	error	ERR_ExternalBusinessEventMethodArgumentType
AL0766	error	ERR_ExternalBusinessEventDuplicateName
AL0767	error	ERR_ExternalRulesetPathNotAllowed
AL0768	warning	WRN_ERR_ConditionalRequiredProperty
AL0769	warning	WRN_ERR_RequiredProperty
AL0772	error	ERR_ConditionalAttribute
AL0773	warning	WRN_ExceedsNumberOfFiles
AL0774	error	ERR_TryFunctionDiscardsExitValues
AL0775	warning	WRN_ERR_TryFunctionDiscardsExitValues
AL0776	error	ERR_IdentifierIsNotAPermissionValue
AL0777	error	ERR_OverflowInGuidConversion
AL0778	warning	WRN_ERR_OverflowInGuidConversion
AL0779	error	ERR_CannotModifyAllFlowfield
AL0780	warning	WRN_ERR_CannotModifyAllFlowfield
AL0781	error	ERR_CannotFindDataItemToLink
AL0782	warning	WRN_ERR_CannotAccessForeignControlAddInFromPageExtension
AL0783	error	ERR_CannotAccessForeignControlAddInFromPageExtension
AL0784	error	ERR_ExternalBusinessEventVersionMalformed
AL0785	error	ERR_ControlKindNotSupportedInPageCustomization
AL0786	error	ERR_PropertyKindNotSupportedInPageCustomization
AL0787	error	ERR_SourceExpressionKindNotSupportedInPageCustomization
AL0788	warning	WRN_ERR_AreaOnlyValidOnPageOfType
AL0789	warning	WRN_UsingWithoutNamespace
AL0790	warning	WRN_DuplicateUsing
AL0791	error	ERR_NamespaceNotFound
AL0792	other	HDN_UnusedUsing
AL0793	error	ERR_PropertyNotAllowedForMutliSelectAction
AL0794	error	ERR_InvalidPropertyValueForActionInControlOfType
AL0795	error	ERR_SecretTextParametersNotAllowedOnEvents
AL0796	warning	WRN_SecretTextUnwrapShouldBeUsedInsideNonDebuggableMethod
AL0797	error	ERR_ObsoleteStateMoved
AL0798	error	ERR_SymbolsCanBeMovedOnlyByFirstPartyApps
AL0799	error	ERR_SourceTableFieldCannotBeUsedInCustomization
AL0800	error	ERR_CertainEDTNotAllowedOnTableField
AL0801	warning	WRN_ObsoleteStatePendingMove
AL0802	error	ERR_SecretTextParametersNotAllowedOnControlAddInProcedures
AL0803	warning	WRN_ERR_DuplicateMethodMetadataNames
AL0804	warning	WRN_ERR_CannotReferenceElementDefinedInPageCustomization
AL0805	warning	WRN_ERR_ObjectIdWithQuotesNotSupported
AL0806	error	ERR_ObjectIdWithQuotesNotSupported
AL0807	warning	WRN_ObjectNameShouldNotBeInteger
AL0808	error	ERR_CannotSetPropertyValueInPageCustomization
AL0809	error	ERR_SecretTextCannotBeProtectedVar
AL0810	error	ERR_InvalidSystemActionName
AL0811	error	ERR_InvalidSystemActionTrigger
AL0812	error	ERR_PromptOptionsAreaCanOnlyContainOptionFields
AL0813	error	ERR_DependentPropertyValueNotSupported
AL0814	warning	WRN_ERR_QueryElementSourceMustNotBeFlowFilter
AL0815	error	ERR_QueryElementSourceMustNotBeFlowFilter
AL0816	warning	WRN_ERR_PropertyValuesAreMutuallyExclusive
AL0817	error	ERR_ControlNotValidOnAreaForPageOfType
AL0818	warning	WRN_ERR_EventAlreadyExists
AL0819	error	ERR_EventAlreadyExists
AL0820	warning	WRN_MissingApplicationObject
AL0821	warning	WRN_InvalidAddActionMethod
AL0822	warning	WRN_AmbigSymbolReference
AL0823	warning	WRN_MovedFieldCannotBeUsedInKey
AL0824	error	ERR_MovedFieldCannotBeUsedInKey
AL0825	error	ERR_FieldCannotBeMovedToBaseTable
AL0826	warning	WRN_ERR_InvalidTypeArgument
AL0827	error	ERR_FieldClassNotAllowed
AL0828	error	ERR_PrimaryKeyFieldCannotBeMoved
AL0829	error	ERR_SymbolsCannotBeMovedToSameApp
AL0830	warning	WRN_ERR_TryFunctionCannotBeUsedAsImplementation
AL0831	error	ERR_TryFunctionCannotBeUsedAsImplementation
AL0832	error	ERR_ActionAreaNotValidOnControlOfType
AL0833	error	ERR_ActionNotAllowedInContext
AL0834	error	ERR_MovedToPropertyIsRequiredForMovedSymbols
AL0835	warning	WRN_DuplicateLayoutFile
AL0836	warning	WRN_BaseTableFieldFromSameAppExtensionReference
AL0837	warning	WRN_ERR_TranslationIdDuplication
AL0838	error	ERR_FailedToGenerateTextDataXliffFile
AL0839	error	ERR_DuplicateTransUnitIdInTextDataXliffFile
AL0840	error	ERR_InvalidFileExtension
AL0841	error	ERR_DuplicateFileExtension
AL0842	warning	WRN_PublicFieldExposingInternalTypes
AL0843	error	ERR_PropertyUnsupportedAssociatedTypeSingleValue
AL0844	error	ERR_PropertyUnsupportedAssociatedTypeMultipleValues
AL0845	warning	WRN_ERR_DuplicateEntityNameOrEntitySetName
AL0846	error	ERR_DuplicateEntityNameOrEntitySetName
AL0847	error	ERR_ThisHaveNoSuchMember
AL0848	warning	WRN_IdentifierIsKeywordFromVersion
AL0849	error	ERR_CannotReferencePageCustomizationWithClearPropertiesFromProfileExtension
AL0850	error	ERR_FeatureOnlyAllowedForMicrosoft
AL0851	error	ERR_TypeCanNotBeCast
AL0852	error	ERR_InterfaceCircularReference
AL0853	error	ERR_PagePartCircularReference
AL0854	error	ERR_UnexpectedNamespace
AL0855	error	ERR_VariableNameCannotBeEmpty
AL0856	error	ERR_StatementCannotStartWithParen
AL0857	error	ERR_ResourceFileTooLarge
AL0858	error	ERR_ResourceFilesTooLarge
AL0859	error	ERR_ResourceFileHasInvalidExtension
AL0860	error	ERR_ResourcePathTooLong
AL0861	error	ERR_TooManyResources
AL0862	error	ERR_DuplicateResourceNames
AL0863	error	ERR_ResourceFolderDoesNotExist
AL0864	warning	WRN_ERR_ChartPartNotSupported
AL0865	error	ERR_ChartPartNotSupported
AL0866	error	ERR_ResourceIsEmpty
AL0867	error	ERR_InterfaceMethodAlreadyDeclaredInExtendedInterface
AL0868	error	ERR_CannotExtendDueToDuplicateMethods
AL0869	warning	WRN_UnexpectedSymbolLocation
AL0870	error	ERR_ExpectedVerbatimLiteral
AL0871	error	ERR_IllegalAtSequence
AL0873	error	ERR_NoContinue
AL0874	error	ERR_UserControlHost_ExpectsSingleUserControlWithinContent
AL0875	error	ERR_UserControlHost_ActionsNotSupported
AL0876	error	ERR_IncompatiblePropertySingleValue
AL0877	error	ERR_IncompatiblePropertyMultipleValues
AL0878	error	ERR_IncompatibleProperty
AL0879	error	ERR_TriggerRestrictedByAssociatedProperty
AL0880	error	ERR_TriggerRestrictedByAssociatedPropertySingleValue
AL0881	error	ERR_TriggerRestrictedByAssociatedPropertyMultipleValues
AL0882	error	ERR_UserControlHost_ExpectsSingleTextFieldWithinNavigation
AL0883	error	ERR_TestHttpResponseMessage_InvalidHttpStatusCode
AL0884	error	ERR_TestHttpResponseMessage_NotAllowedHttpStatusCode
AL0885	warning	WRN_ERR_OnlyFieldsFromBaseAreAllowed
AL0886	error	ERR_OnlyFieldsFromBaseAreAllowed
AL0887	error	ERR_DuplicateSqlFields
AL0888	warning	WRN_SecretPotentiallyExposedToBrowser
AL0889	error	ERR_ReservedKeywordName
AL0890	error	ERR_InvalidSystemPartIdentifier
AL0891	error	ERR_UnsupportedExtendedDataType
AL0892	error	ERR_InvalidExtendedDataTypeFieldReference
AL0893	error	ERR_NativeMethodCannotContainCode
AL0894	error	ERR_NativeMethodCannotContainVariables
AL0895	error	ERR_NativeMethodOnlyInMSRange
AL0896	error	ERR_RecursiveFlowfieldNotAllowed
AL0898	error	ERR_AnalysisViewsOnlySupportedOnPagesOfType
AL0899	error	ERR_AnalysisViewNotFound
AL0900	error	ERR_DefinitionFilenameInvalidExtension
AL0901	error	ERR_DefinitionFileIsMalformed
AL0902	error	ERR_AnalysisViewTargetObjectMismatch
AL0903	error	ERR_DuplicateDefinitionFile
AL0904	error	ERR_MissingRequiredAnalysisViewProperty
AL0906	warning	WRN_ConfigurationDialogPublicPreview
AL0907	error	ERR_ConfigurationDialogUnsupportedStartCard
AL0908	error	ERR_RequiresBigIntegerExtendedDataType
AL0909	warning	WRN_MissingAnalysisViewDependency
AL0910	warning	WRN_ERR_FlowFieldCannotBeUsedInQueryDataItemLink
AL0911	error	ERR_FlowFieldCannotBeUsedInQueryDataItemLink
AL0912	warning	WRN_ERR_EmptySymbolName
AL0913	error	ERR_EmptySymbolName
AL0914	warning	WRN_TableHasTooManyFields
AL0915	warning	WRN_TableExtensionHasTooManyFields
AL0916	warning	WRN_AmbiguousBuiltInMethodCall
AL0917	warning	WRN_ExcelLayoutOrphanedSheet
AL0918	error	ERR_DuplicateInterfaceId
AL0919	error	ERR_ScopeNotAllowedOnInterfaceMember
AL0920	warning	WRN_ERR_InternalMethodCannotImplementInterface
AL0921	error	ERR_InternalMethodCannotImplementInterface
AL0922	error	ERR_OnPremMethodCannotImplementInterface
AL0923	error	ERR_RequiredPendingOnNonDefaultMethod
AL0924	warning	WRN_InterfaceRequiredPendingMemberMissing
AL0925	info	INF_InterfaceOptionalMemberMissing
AL0926	error	ERR_SectionOutOfOrder
AL0927	error	ERR_ExpectedSystemObject
AL0928	error	ERR_SystemObjectNotFound
AL0929	error	ERR_InvalidDefaultHeaderFooterPart
AL0930	error	ERR_InvalidDefaultThemePart
AL0931	error	ERR_InvalidObjectReference
AL0999	error	ERR_InternalError
AL1000	warning	WRN_NoConfigNotOnCommandLine
AL1001	error	ERR_FileNotFound
AL1002	error	ERR_OpenResponseFile
AL1003	warning	WRN_AnalyzerCannotBeCreated
AL1004	warning	WRN_NoAnalyzerInAssembly
AL1005	warning	WRN_UnableToLoadAnalyzer
AL1006	error	ERR_NoMetadataFile
AL1007	error	ERR_NoFileSpec
AL1008	error	ERR_SwitchNeedsString
AL1009	error	ERR_BadSwitch
AL1010	error	ERR_SwitchNeedsNumber
AL1011	warning	WRN_FileAlreadyIncluded
AL1012	error	ERR_OutputWriteFailed
AL1013	error	ERR_BinaryFile
AL1014	error	ERR_NoSourceFile
AL1015	error	ERR_CompileCanceled
AL1017	error	ERR_InvalidManifest
AL1018	error	ERR_DirectoryNotFound
AL1019	error	ERR_IncompleteDependency
AL1021	error	ERR_UnspecifiedPackageCachePath
AL1022	error	ERR_PackageFileNotFound
AL1023	error	ERR_InvalidPackageFile
AL1024	error	ERR_PackageNotLoaded
AL1025	warning	WRN_FileDoesNotMatchAnyFormat
AL1026	warning	WRN_XmlValidationErrorOccurred
AL1028	error	ERR_IOExceptionCaught
AL1029	warning	WRN_TranslationFileTargetLanguageInvalid
AL1030	warning	WRN_TranslationFileTargetLanguageMissing
AL1031	info	INF_SuccessfullyIncludedTranslationsForLanguages
AL1032	error	ERR_DuplicateLanguageTranslation
AL1033	error	ERR_InvalidRuleSetInclude
AL1034	error	ERR_HelpUrlWithMissingLocalePlaceHolders
AL1035	error	ERR_MissingPropertyForTranslationApp
AL1036	error	ERR_InvalidTranslationLocaleCulture
AL1037	error	ERR_DuplicateLocale
AL1038	error	ERR_InvalidManifestVersion
AL1039	error	ERR_InvalidManifestVersion_Short
AL1040	error	ERR_InvalidManifestGuid
AL1041	error	ERR_MissingRequiredManifestProperty
AL1042	error	ERR_ManifestDependencyIdNotMatching
AL1043	error	ERR_UnsupportedManifestRuntimeVersion
AL1044	error	ERR_WrongManifestPropertyType
AL1045	error	ERR_PackageCacheNotFound
AL1046	error	ERR_ApplicationIdRangesAreOverlapping
AL1047	error	ERR_InvalidApplicationIdRanges
AL1048	error	ERR_DuplicateIdRange
AL1049	error	ERR_OutputFileNotSpecified
AL1050	error	ERR_AppFileDoesNotExist
AL1051	error	ERR_ManifestMismatch
AL1052	error	ERR_HelpUrlWithTooManyPlaceHolders
AL1053	error	ERR_InvalidManifestPropertyValue
AL1054	error	ERR_InvalidReferenceModule
AL1055	warning	WRN_InvalidReferenceModule
AL1056	warning	WRN_PackageNotLoaded
AL1057	error	ERR_InvalidModuleSpecification
AL1058	warning	WRN_AppIdAndIdBothSpecified
AL1059	warning	WRN_RequiredFeature
AL1060	error	ERR_InvalidMaxDegreeOfParallelism
AL1061	error	ERR_NavAppFilesValidationError
AL1062	error	ERR_KeyVaultUrls_TooManySpecified
AL1063	error	ERR_KeyVaultUrls_TooLongUrl
AL1064	error	ERR_KeyVaultUrls_InvalidAzureKeyVaultUri
AL1065	error	ERR_KeyVaultUrls_PathOrQueryStringAllowed
AL1066	error	ERR_DuplicatePackageDependency_AppIdPublisherName
AL1067	error	ERR_DuplicatePackageDependency_PublisherName
AL1068	error	ERR_DuplicatePackageDependency_AppIdPublisher
AL1069	error	ERR_DuplicatePackageDependency_AppIdName
AL1070	error	ERR_DuplicatePackageDependency_AppId
AL1071	error	ERR_DocFileGen
AL1072	warning	WRN_DefineIdentifierRequired
AL1073	error	ERR_ClashesWithDeclaredTrigger
AL1074	error	ERR_DuplicateAppInsightsResource
AL1075	error	ERR_BothShowMyCodeAndResourceExposurePolicyExist
AL1076	info	INF_RenamedDependency
AL1077	error	ERR_FailedToLoadWorkspace
AL1078	warning	WRN_ERR_KeyVaultUrls_InvalidAzureKeyVaultUri
AL1079	info	INF_AllowDebuggingFalseApplicableToDev
AL1080	info	INF_IncludeSourceInSymbolFalseApplicableToDev
AL1081	error	ERR_ReportLayoutUpdateFailure
AL1082	error	ERR_InvalidManifestPropertyTarget
AL1083	error	ERR_DuplicateLanguageLCLTranslation
AL1084	error	ERR_DuplicateLanguageXliffTranslation
AL1085	warning	WRN_PackageFileLocked
AL1100	other	FTL_InputFileNameTooLong
AL1101	other	FTL_InvalidTarget
AL1130	error	ERR_InvalidTimeoutDuration
AL1150	error	ERR_InvalidLink
AL1151	error	ERR_SelfReferenceDependency_NamePublisher
AL1152	error	ERR_SelfReferenceDependency_AppId
AL1153	error	ERR_InvalidReferenceModuleVersion
AL1154	error	ERR_ConflictingCommandLineArguments
AL1155	error	ERR_NoFolderSpec
AL1156	warning	WRN_CommentsInManifestNotRecommended
AL1401	warning	WRN_PERS_MissingTypeReference
AL1402	warning	WRN_PERS_MissingApplicationObject
AL1403	warning	WRN_PERS_AmbigSymbolReference
AL1404	warning	WRN_PERS_ActionNotFound
AL1405	warning	WRN_PERS_ControlNotFound
AL1406	warning	WRN_PERS_ViewNotFound
AL1407	warning	WRN_PERS_MissingTargetsForMove
AL1408	warning	WRN_PERS_InvalidApplicationObjectIdentifier
AL1409	warning	WRN_PERS_InvalidRoleCenterPage
AL1410	warning	WRN_PERS_ExtensionTargetNotFound
AL1411	warning	WRN_PERS_MultiplePageCustomizationsSpecifiedPerProfilePerTargetPage
AL1412	warning	WRN_PERS_ObsoleteStatePending
AL1413	warning	WRN_PERS_DuplicateMemberName
AL1414	info	INF_PERS_CustomizationWithoutChanges
AL1415	warning	WRN_PERS_ObsoleteStateObsolete
AL1416	info	INF_PERS_MoveSymbolChangeIgnored
AL1417	info	INF_PERS_AddSymbolChangeLocationIgnored
AL1418	warning	WRN_PERS_DataItemNotFound
AL1419	warning	WRN_PERS_DataItemOrColumnNotFound
AL1420	warning	WRN_PERS_ActionTypeNotAllowedForActionRef
AL1421	warning	WRN_PERS_PromotedActionUsage
AL1422	warning	WRN_PERS_ActionTargetNotFound
AL1423	warning	WRN_PERS_NoSuchMember
AL1424	warning	WRN_PERS_NameNotInContext
AL1425	warning	WRN_PERS_SourceTableFieldCannotBeUsedInCustomization
AL1426	warning	WRN_PERS_NamespaceNotFound
AL1427	warning	WRN_PERS_CannotSetPropertyValueInPageCustomization
AL1428	warning	WRN_PERS_AnalysisViewNotFound
AL1429	warning	WRN_PERS_CannotMoveSymbolsBetweenAreas
AL1430	warning	WRN_SortingFieldFromAnotherExtensionNotInKey
AL-0002	other	Void
AL-0001	other	Unknown
