AA0001	Warning	Readability	True	There must be exactly one space character on each side of a binary operator such as := + - AND OR =.	There must be exactly one space character on each side of '{0}'.	Microsoft.Dynamics.Nav.CodeCop.dll
AA0002	Warning	Readability	True	There must be no space character.	There must be no space character after '{0}'.	Microsoft.Dynamics.Nav.CodeCop.dll
AA0003	Warning	Readability	True	There must be exactly one space character between the NOT operator and its argument.	There must be exactly one space character after '{0}'.	Microsoft.Dynamics.Nav.CodeCop.dll
AA0005	Warning	Readability	True	Only use BEGIN..END to enclose compound statements.	Only use BEGIN..END to enclose compound statements.	Microsoft.Dynamics.Nav.CodeCop.dll
AA0008	Warning	Readability	True	Function calls should have parenthesis even if they do not have any parameters.	You must specify open and close parenthesis after '{0}'.	Microsoft.Dynamics.Nav.CodeCop.dll
AA0013	Warning	Readability	True	When BEGIN follows THEN, ELSE, DO, it should be on the same line, preceded by one space character.	When BEGIN follows THEN, ELSE, DO, it should be on the same line, preceded by one space character.	Microsoft.Dynamics.Nav.CodeCop.dll
AA0018	Warning	Readability	True	The END, IF, REPEAT, UNTIL, FOR, WHILE, and CASE statement should always start a line.	The '{0}' keyword should always start a line.	Microsoft.Dynamics.Nav.CodeCop.dll
AA0021	Warning	Readability	True	Variable declarations should be ordered by type.	Variable declarations should be ordered by type. Variables should be sorted like this: Record, Report, Codeunit, XmlPort, Page, Query, Notification, BigText, DateFormula, RecordId, RecordRef, FieldRef, and FilterPageBuilder. The rest of the variables are not sorted.	Microsoft.Dynamics.Nav.CodeCop.dll
AA0022	Warning	Readability	True	Substitute the IF THEN ELSE structure with a CASE.	Substitute the IF THEN ELSE structure with a CASE.	Microsoft.Dynamics.Nav.CodeCop.dll
AA0040	Warning	Readability	True	Avoid using nested WITH statements.	This WITH statement is nested inside another WITH statement at '{0}'.	Microsoft.Dynamics.Nav.CodeCop.dll
AA0050	Warning	Design	True	Permission set extensions should not include permissions for objects defined in another application.	Permissions for the object '{0}' should not be added through a permission set extension because it is defined in another application.	Microsoft.Dynamics.Nav.CodeCop.dll
AA0051	Warning	Design	True	Permission set extensions should not include permission sets defined in another application.	The permission set '{0}' should not be included through a permission set extension because it is defined in another application.	Microsoft.Dynamics.Nav.CodeCop.dll
AA0052	Warning	Design	True	Permission set extensions should not include permission sets which include permissions for objects defined in another application.	The permission set '{0}' should not be included through a permission set extension because it includes permissions for objects defined in another application.	Microsoft.Dynamics.Nav.CodeCop.dll
AA0053	Warning	Design	True	Permission set extensions should not include wildcard permissions.	Wildcard permissions should not be included in a permission set extension.	Microsoft.Dynamics.Nav.CodeCop.dll
AA0072	Info	Readability	False	The name of variables and parameters must be suffixed with the type or object name.	The name of {0} is not valid. The name of variables and parameters must be suffixed with the type or object name.	Microsoft.Dynamics.Nav.CodeCop.dll
AA0073	Warning	Readability	True	The name of temporary variable must be prefixed with Temp.	The name of temporary variable '{0}' must be prefixed with Temp.	Microsoft.Dynamics.Nav.CodeCop.dll
AA0074	Warning	Readability	True	TextConst and Label variable names should have an approved suffix.	Variable '{0}' must have a suffix from this list: Msg, Tok, Err, Qst, Lbl, Txt.	Microsoft.Dynamics.Nav.CodeCop.dll
AA0087	Warning	Design	True	Lowering permissions should only be used in tests	Do only lower permissions inside procedures of type test.	Microsoft.Dynamics.Nav.CodeCop.dll
AA0100	Warning	Design	True	Do not have identifiers with quotes in the name.	Do not have identifiers with quotes in the name.	Microsoft.Dynamics.Nav.CodeCop.dll
AA0101	Warning	Design	True	Use camel case property values in pages of type API.	For pages of the type API the value of properties APIPublisher, APIGroup, EntityName, and EntitySetName should be camel-cased.	Microsoft.Dynamics.Nav.CodeCop.dll
AA0102	Warning	Design	True	Use camel case name for field controls in pages of type API.	Field controls in pages of type API should have a camel case name.	Microsoft.Dynamics.Nav.CodeCop.dll
AA0103	Warning	Design	True	Use camel case property values in queries of type API.	For queries of the type API the value of properties APIPublisher, APIGroup, EntityName, and EntitySetName should be camel-cased.	Microsoft.Dynamics.Nav.CodeCop.dll
AA0104	Warning	Design	True	Use camel case name for column controls in queries of type API.	Column controls in queries of type API should have a camel case name.	Microsoft.Dynamics.Nav.CodeCop.dll
AA0105	Error	Design	True	PagePart controls must not refer to parent pages.	PagePart controls must not refer to parent pages.	Microsoft.Dynamics.Nav.CodeCop.dll
AA0106	Error	Design	True	A page of type API can only refer to the same subpage once.	A page of type API can only refer to the same subpage once.	Microsoft.Dynamics.Nav.CodeCop.dll
AA0131	Warning	Design	True	String parameters must match placeholders.	The number of parameters passed to a string must match the placeholders.	Microsoft.Dynamics.Nav.CodeCop.dll
AA0136	Warning	Design	True	Do not write code that will never be hit.	Unreachable code detected.	Microsoft.Dynamics.Nav.CodeCop.dll
AA0137	Warning	Design	True	Do not declare variables that are unused.	Variable '{0}' is unused in '{1}'.	Microsoft.Dynamics.Nav.CodeCop.dll
AA0139	Warning	Design	True	Do not assign a text  to a target with smaller size.	Possible overflow assigning '{0}' to '{1}'.	Microsoft.Dynamics.Nav.CodeCop.dll
AA0150	Warning	Design	True	Do not declare parameters by reference if their values are never changed.	Parameter '{0}' is declared by reference but never changed in method '{1}'.	Microsoft.Dynamics.Nav.CodeCop.dll
AA0161	Warning	Design	True	Only use AssertError in Test Codeunits.	Only use AssertError in Test Codeunits.	Microsoft.Dynamics.Nav.CodeCop.dll
AA0175	Warning	Design	True	Only find record if you need to use it.	Variable '{0}' queries the database in '{1}' but does not use the queried record. Only find or get record if you need to access the values. Consider using ISEMPTY.	Microsoft.Dynamics.Nav.CodeCop.dll
AA0181	Warning	Design	True	The FindSet() or Find() methods must be used only in connection with the Next() method.	The FindSet() or Find() method on the record '{0}' must be used only in connection with the Next() method.	Microsoft.Dynamics.Nav.CodeCop.dll
AA0189	Warning	Design	True	Only use a correct values of ApplicationArea.	Value '{0}' found on control {1} {2}. Valid values are {3}.	Microsoft.Dynamics.Nav.CodeCop.dll
AA0194	Warning	Design	True	Only write actions that have an effect.	Remember to specify either the 'OnAction' trigger or the 'RunObject' property on an action.	Microsoft.Dynamics.Nav.CodeCop.dll
AA0198	Warning	Design	True	Do not use identical names for local and global variables.	The name of the local variable '{0}' is identical to a global variable.	Microsoft.Dynamics.Nav.CodeCop.dll
AA0199	Warning	Design	True	Use only a correct order for ApplicationArea.	Value '{0}' found on control {1} {2}. Incorrect order, expected order is: {3}.	Microsoft.Dynamics.Nav.CodeCop.dll
AA0200	Warning	Design	True	When ApplicationArea is set to 'All', no other values for ApplicationArea should be specified.	Value '{0}' found on control {1} {2}. When ApplicationArea is set to 'All', no other values for ApplicationArea should be specified.	Microsoft.Dynamics.Nav.CodeCop.dll
AA0201	Warning	Design	True	When ApplicationArea is set to 'Basic', you must also specify 'Suite'.	Value '{0}' found on control {1} {2}. When ApplicationArea is set to 'Basic', you must also specify 'Suite'.	Microsoft.Dynamics.Nav.CodeCop.dll
AA0202	Warning	Design	True	To avoid confusion, do not give local variables the same name as fields, methods, or actions in the same scope.	The name of the local variable '{0}' is identical to a field, method, or action in the same scope.	Microsoft.Dynamics.Nav.CodeCop.dll
AA0203	Warning	Design	True	To avoid confusion, do not give methods the same name as fields or actions in the same scope.	The name of the method '{0}' is identical to a field or action in the same scope.	Microsoft.Dynamics.Nav.CodeCop.dll
AA0204	Warning	Design	True	To avoid confusion, do not give global variables the same name as fields, methods, or actions in the same scope.	The name of the global variable '{0}' is identical to a field, method, or action in the same scope.	Microsoft.Dynamics.Nav.CodeCop.dll
AA0205	Warning	Design	True	Variables must be initialized before usage.	Use of unassigned variable '{0}'.	Microsoft.Dynamics.Nav.CodeCop.dll
AA0206	Warning	Design	True	The value assigned to a variable must be used.	The variable '{0}' is initialized but not used.	Microsoft.Dynamics.Nav.CodeCop.dll
AA0207	Warning	Design	True	The EventSubscriber method must be local.	The EventSubscriber method {0} must be local.	Microsoft.Dynamics.Nav.CodeCop.dll
AA0210	Info	Design	True	Avoid non-indexed fields into filtering.	The table {0} does not contain a key with the field {1}.	Microsoft.Dynamics.Nav.CodeCop.dll
AA0211	Warning	Design	True	Avoids a runtime error from using CalcFields on a field that is not a FlowField or a field of type Blob.	The CalcFields method should only be used with FlowFields or fields of type Blob. The field {0} is not a FlowField or of type Blob.	Microsoft.Dynamics.Nav.CodeCop.dll
AA0213	Warning	Design	True	Obsoleted object must have a state 'Pending' or 'Removed' and a justification specifying why this field is being obsoleted.	The {0} {1} must have specified ObsoleteState and ObsoleteReason.	Microsoft.Dynamics.Nav.CodeCop.dll
AA0214	Warning	Design	True	The local record should be modified before saving to the database.	The record {0} should be modified before saving to the database.	Microsoft.Dynamics.Nav.CodeCop.dll
AA0215	Warning	Readability	True	Follow [the style guide](https://learn.microsoft.com/dynamics365/business-central/dev-itpro/compliance/apptest-bestpracticesforalcode#file-naming) about the best practices for naming.	The file {0} has an incorrect name. The valid name is {1}.	Microsoft.Dynamics.Nav.CodeCop.dll
AA0216	Warning	Localizability	True	Use a text constant for passing user messages and errors without concatenations.	Use a text constant for passing user messages and errors without concatenations.	Microsoft.Dynamics.Nav.CodeCop.dll
AA0217	Warning	Localizability	True	Use a text constant or label for format string in StrSubstNo.	Use a text constant or label for format string in StrSubstNo.	Microsoft.Dynamics.Nav.CodeCop.dll
AA0218	Warning	Localizability	True	You must write a tooltip in the Tooltip property for all controls of type Action and Field that exist on page objects.	The Tooltip property for {0} {1} must be filled.	Microsoft.Dynamics.Nav.CodeCop.dll
AA0219	Info	Localizability	False	The Tooltip property of Fields should start with 'Specifies'.	The Tooltip property for {0} {1} should start with 'Specifies'.	Microsoft.Dynamics.Nav.CodeCop.dll
AA0220	Warning	Localizability	True	The value of the Tooltip property of Fields must be filled.	The value of the {0} Tooltip property for {1} {2} must be filled.	Microsoft.Dynamics.Nav.CodeCop.dll
AA0221	Warning	Localizability	True	You must specify a OptionCaption property for all fields which source expressions is not a table field.	The OptionCaption property for {0} {1} must be filled in.	Microsoft.Dynamics.Nav.CodeCop.dll
AA0222	Warning	Design	True	SIFT index should not be used on primary or unique key.	SIFT index should not be used on key {0}.	Microsoft.Dynamics.Nav.CodeCop.dll
AA0223	Warning	Localizability	True	The value of the OptionCaption property of Fields must be filled in.	The value of the {0} OptionCaption property for {1} {2} must be filled in.	Microsoft.Dynamics.Nav.CodeCop.dll
AA0224	Warning	Localizability	True	The count of option captions specified in the OptionCaption property is wrong.	The count of option captions specified in the OptionCaption property for {0} {1} is wrong.	Microsoft.Dynamics.Nav.CodeCop.dll
AA0225	Warning	Localizability	True	You must specify a caption in the Caption property for Fields that exist on page objects.	The Caption property for {0} {1} must be filled in.	Microsoft.Dynamics.Nav.CodeCop.dll
AA0226	Warning	Localizability	True	The value of the Caption property of Fields must be filled in.	The value of the {0} Caption property for {1} {2} must be filled in.	Microsoft.Dynamics.Nav.CodeCop.dll
AA0227	Warning	Design	True	Optional return value should not be omitted in upgrade codeunits.	Optional return value of the method should not be omitted in upgrade codeunits.	Microsoft.Dynamics.Nav.CodeCop.dll
AA0228	Warning	Design	True	The local method must be used; otherwise removed.	The local method '{0}' is declared but never used.	Microsoft.Dynamics.Nav.CodeCop.dll
AA0230	Warning	Design	True	Version should not be specified for internal assemblies.	Version should not be specified for internal assembly '{0}'.	Microsoft.Dynamics.Nav.CodeCop.dll
AA0231	Warning	Design	True	StrSubstNo or string concatenation must not be used as a parameter in the Error method.	Do not use the StrSubstNo or string concatenation as a parameter in the Error method.	Microsoft.Dynamics.Nav.CodeCop.dll
AA0232	Info	Design	True	The FlowField of a table should be indexed.	The FlowField {0} of {1} should be added to the SIFT key.	Microsoft.Dynamics.Nav.CodeCop.dll
AA0233	Warning	Design	True	Use Get(), FindFirst() and FindLast() without Next() method.	The '{0}' method on the record '{1}' must be used without the Next() method.	Microsoft.Dynamics.Nav.CodeCop.dll
AA0234	Info	Localizability	False	You should write a tooltip in the Tooltip property for all fields on table objects.	The Tooltip property for {0} {1} should be filled in.	Microsoft.Dynamics.Nav.CodeCop.dll
AA0235	Info	Design	True	When using 'OnInstallAppPerCompany' you should also add 'Company-Initialize'::'OnCompanyInitialize' event subscriber.	Codeunit '{0}' should contain the 'Company-Initialize'::'OnCompanyInitialize' event subscriber.	Microsoft.Dynamics.Nav.CodeCop.dll
AA0237	Warning	Readability	True	The name of non-temporary variables must not be prefixed with Temp.	The name of non temporary variables '{0}' must not be prefixed with Temp.	Microsoft.Dynamics.Nav.CodeCop.dll
AA0240	Warning	Design	True	Email and Phone No must not be present in any part of the source code.	The {0} '{1}' must not contain email addresses or phone numbers.	Microsoft.Dynamics.Nav.CodeCop.dll
AA0241	Hidden	Readability	True	Use all lowercase letters for reserved language keywords.	You must use all lowercase letters for reserved keyword '{0}'.	Microsoft.Dynamics.Nav.CodeCop.dll
AA0242	Warning	Design	True	Limit JIT loads by selecting all fields for load.	Field '{0}' is not selected for loading and accessing it may cause a JIT load.	Microsoft.Dynamics.Nav.CodeCop.dll
AA0243	Warning	Design	True	Running an upgrade codeunit is not allowed.	Running a codeunit of subtype upgrade is not allowed.	Microsoft.Dynamics.Nav.CodeCop.dll
AA0244	Warning	Design	True	Do not use identical names for parameters and global variables.	The name of the parameter '{0}' is identical to a global variable.	Microsoft.Dynamics.Nav.CodeCop.dll
AA0245	Warning	Design	True	To avoid confusion, do not give parameters the same name as fields, methods, or actions in the same scope.	The name of the parameter '{0}' is identical to a field, method, or action in the same scope.	Microsoft.Dynamics.Nav.CodeCop.dll
AA0246	Warning	Design	True	Suppressing all diagnostics is not allowed.	Suppressing all diagnostics is not allowed. Specify the diagnostic(s) that you want to suppress.	Microsoft.Dynamics.Nav.CodeCop.dll
AA0247	Info	Design	True	Use namespaces.	Use namespaces to organize your code and isolate it from changes.	Microsoft.Dynamics.Nav.CodeCop.dll
AA0248	Hidden	Readability	True	Add 'this' qualification to improve readability.	Add 'this' qualification.	Microsoft.Dynamics.Nav.CodeCop.dll
AA0249	Warning	Design	True	PageField trigger is unused due to a property value.	Trigger {0} of PageField {1} is never invoked from the UI due to the value of property {2}.	Microsoft.Dynamics.Nav.CodeCop.dll
AA0250	Warning	Design	True	External business event should have obsolete marker.	The {0} '{1}' is marked for obsoletion. Consider explicitly marking the external business event as obsolete if deprecation is intended by setting the display name to '{2}'.	Microsoft.Dynamics.Nav.CodeCop.dll
AA0251	Error	Design	True	External business event with obsolete marker must have the obsolete attribute set.	The external business event '{0}' is marked for obsoletion. The method '{1}' must have the Obsolete attribute specified.	Microsoft.Dynamics.Nav.CodeCop.dll
AA0252	Error	Design	True	Moving external business events to another app is not allowed.	Moving the external business event '{0}' to another app is not allowed as it can introduce breaking changes for external subscribers. Mark the event as obsolete prior to moving table '{1}'.	Microsoft.Dynamics.Nav.CodeCop.dll
AA0448	Warning	Localizability	True	You must use the FieldCaption method instead of the FieldName method and TableCaption method instead of TableName method.	Use FieldCaption instead of FieldName and TableCaption instead of TableName in methods that display messages.	Microsoft.Dynamics.Nav.CodeCop.dll
AA0462	Warning	Localizability	True	The CalcDate should only be used with DataFormula variables. Alternatively the string should be enclosed using the <> symbols.	The CalcDate should only be used with DataFormula variables. Alternatively the string should be enclosed using the <> symbols.	Microsoft.Dynamics.Nav.CodeCop.dll
AA0470	Warning	Localizability	True	Placeholders should have a comment explaining their content.	Variable '{0}' with placeholders should have a comment explaining their content.	Microsoft.Dynamics.Nav.CodeCop.dll
AA0471	Info	Localizability	False	Page control fields of type 'Decimal' must have the property AutoFormatType specified.	The AutoFormatType property for {0} {1} defined in {2} '{3}' must be filled.	Microsoft.Dynamics.Nav.CodeCop.dll
AA0472	Info	Localizability	False	Page control fields having amount AutoFormatType defined must have the property AutoFormatExpression specified.	The AutoFormatExpression property for {0} {1} defined in {2} '{3}' must be filled.	Microsoft.Dynamics.Nav.CodeCop.dll
AA0473	Info	Localizability	False	Table control fields of type 'Decimal' must have the property AutoFormatType specified.	The AutoFormatType property for {0} {1} defined in {2} '{3}' must be filled.	Microsoft.Dynamics.Nav.CodeCop.dll
AA0474	Info	Localizability	False	Table control fields that have amount AutoFormatType defined, must have the property AutoFormatExpression specified.	The AutoFormatExpression property for {0} {1} defined in {2} '{3}' must be filled in.	Microsoft.Dynamics.Nav.CodeCop.dll
AA0475	Error	Design	True	Truncate can only be used on normal tables without media fields and outside of try functions.	The Truncate method cannot be used in this context.	Microsoft.Dynamics.Nav.CodeCop.dll
AA0476	Error	Design	True	The AI test configuration is not valid.	The AI test configuration is not valid. {0}.	Microsoft.Dynamics.Nav.CodeCop.dll
AA0477	Info	Readability	True	Unordered using statements	The using statements are not in a sorted order.	Microsoft.Dynamics.Nav.CodeCop.dll
AC0000	Info	Internal	True	Analyzer threw an unhandled exception	Analyzer '{0}' threw an exception of type '{1}': {2}	ALCops.ApplicationCop.dll
AC0001	Info	Design	True	DrillDownPageId and LookupPageId property must be defined for tables used in list pages	Table '{0}' is used in list page '{1}' but does not define both the DrillDownPageId and LookupPageId properties.	ALCops.ApplicationCop.dll
AC0002	Warning	Design	True	Single-field primary key requires the NotBlank property	NotBlank property should be set explicitly for tables with a single-field primary key.	ALCops.ApplicationCop.dll
AC0003	Warning	Design	True	Set NotBlank property to false when 'No. Series' TableRelation exists	The NotBlank property should be set to false (or removed) if a TableRelation of 'No. Series' is present on the table.	ALCops.ApplicationCop.dll
AC0004	Info	Design	True	Confirm() must be implemented through the "Confirm Management" codeunit	Confirm() must be implemented through the "Confirm Management" codeunit from the System Application.	ALCops.ApplicationCop.dll
AC0005	Info	Design	True	GlobalLanguage() must be implemented through the "Translation Helper" codeunit	GlobalLanguage() must be implemented through the "Translation Helper" codeunit from the Base Application.	ALCops.ApplicationCop.dll
AC0006	Warning	Design	True	Use the "Page Management" codeunit instead invoking Page.Run directly	Invoke pages through the "Page Management" codeunit instead of invoking Page.Run(...) directly for this record context.	ALCops.ApplicationCop.dll
AC0007	Warning	Design	True	Install and Upgrade codeunits should have Access set to Internal	Set Access property to Internal for Install and Upgrade codeunits.	ALCops.ApplicationCop.dll
AC0008	Info	Design	False	DataPerCompany must be explicitly set on table objects	The table object does not explicitly define the DataPerCompany property.	ALCops.ApplicationCop.dll
AC0009	Warning	Design	True	The Caption of permissionset objects should not exceed the maximum length	The Caption of permissionset objects should not exceed {0} characters. Use MaxLength={0} or Locked=true to ensure there are no translations that exceed this limit.	ALCops.ApplicationCop.dll
AC0010	Warning	Design	True	All application objects must be covered by a PermissionSet	The application object {0} '{1}' is not covered by any PermissionSet in this extension.	ALCops.ApplicationCop.dll
AC0011	Info	Design	True	Captions must be defined on user-facing objects and controls	A user-facing object or control is missing a Caption.	ALCops.ApplicationCop.dll
AC0012	Warning	Design	True	Integration events must not be declared in codeunits with Access set to Internal	Integration event '{0}' is declared in a codeunit with Access = Internal, making it inaccessible to extensions. Remove the Access property or declare the event as an InternalEvent.	ALCops.ApplicationCop.dll
AC0013	Info	Design	False	DropDown and Brick fieldgroups must be defined	Table '{0}' is missing the required '{1}' fieldgroup.	ALCops.ApplicationCop.dll
AC0014	Info	Design	True	ToolTip must end with a punctuation	ToolTip must end with one of the following punctuations: '{0}'.	ALCops.ApplicationCop.dll
AC0015	Info	Design	True	ToolTip should start with 'Specifies'	ToolTip should start with the verb 'Specifies'.	ALCops.ApplicationCop.dll
AC0016	Info	Design	True	Do not use line breaks in ToolTip	ToolTip text must not contain line breaks.	ALCops.ApplicationCop.dll
AC0017	Info	Design	True	ToolTip should not exceed 200 characters	ToolTip exceeds the recommended maximum length of 200 characters.	ALCops.ApplicationCop.dll
AC0018	Warning	Design	True	Empty captions should be locked	The Caption property is empty but not locked. Empty captions should be marked with Locked = true to prevent translation entries.	ALCops.ApplicationCop.dll
AC0019	Info	Design	True	Reserve Enum value zero (0) for empty value	Enum value '{0}' with ordinal 0 should have an empty Name and Caption.	ALCops.ApplicationCop.dll
AC0020	Warning	Design	True	Labels suffixed with Tok must be locked.	Label '{0}' is suffixed with 'Tok' but does not have the Locked property set to true.	ALCops.ApplicationCop.dll
AC0021	Info	Design	False	Locked Label must have a suffix Tok.	Label '{0}' has the Locked property set to true but is not suffixed with 'Tok'.	ALCops.ApplicationCop.dll
AC0022	Warning	Design	True	Empty Enum value should not have a Caption property specified.	The empty enum value defines a Caption, which will never be shown or used by the client	ALCops.ApplicationCop.dll
AC0023	Warning	Design	True	Enum value must have non-empty Caption to be selectable in the client.	The enum value '{0}' has an empty Caption and will not be shown or be selectable in the client.	ALCops.ApplicationCop.dll
AC0024	Warning	Design	True	Event publisher methods should not be public.	Event publisher method '{0}' should be declared as local or internal. Public event publishers can be called by external dependency apps and prevent future parameter extensions without introducing breaking changes.	ALCops.ApplicationCop.dll
AC0025	Info	Design	True	Use the (CR)LFSeparator from the "Type Helper" codeunit.	Use the (CR)LFSeparator from the "Type Helper" codeunit from the Base Application to define a line feed (LF) or carriage return (CR) variable.	ALCops.ApplicationCop.dll
AC0026	Info	Design	True	Explicitly set AllowInCustomizations for excluded fields	Field '{0}' is not exposed on any page and should explicitly define AllowInCustomizations.	ALCops.ApplicationCop.dll
AC0027	Info	Design	True	Use the 'Tok' suffix for token labels.	Label '{0}' represents a token but does not use the required 'Tok' suffix.	ALCops.ApplicationCop.dll
AC0028	Info	Design	True	Table field must define a ToolTip.	A value for the ToolTip property is missing for the table field '{0}' of page field '{1}'. Consider adding a ToolTip for table field '{0}' and/or removing the ToolTip from page field '{1}'.	ALCops.ApplicationCop.dll
AC0029	Info	Design	True	Duplicate ToolTip between page and table field.	The ToolTip property of page field '{0}'' and it's table field '{1}'' have the same value and therefore the page field's ToolTip can be removed.	ALCops.ApplicationCop.dll
AC0030	Info	Design	True	Use return value for better error handling	The return value of the '{0}' method must be used to improve error handling or provide meaningful feedback to the user.	ALCops.ApplicationCop.dll
AC0031	Info	Design	True	Table data access requires explicit object permissions	The object does not declare permission '{0}' for tabledata '{1}'	ALCops.ApplicationCop.dll
AC0032	Info	Design	True	Unused permission declared	Permission 'tabledata {0}' is declared but this object performs no database operations on table '{0}'.	ALCops.ApplicationCop.dll
AS0001	Error	Upgrade	True	Tables and table extensions that have been published must not be deleted.	The {0} with name '{1}' and ID '{2}' was found in the previous version, but is missing in the current extension. This might break the upgrade of existing installations.	Microsoft.Dynamics.Nav.AppSourceCop.dll
AS0002	Error	Upgrade	True	Fields must not be deleted.	The field with name '{0}' and ID '{1}' was found in the previous version, but is missing in the current extension. This might break the upgrade of existing installations.	Microsoft.Dynamics.Nav.AppSourceCop.dll
AS0003	Error	Upgrade	True	The previous version of the extension could not be found.	The version '{0}' of the extension with publisher '{1}', app id '{2}' and name '{3}' could not be found in the baseline package cache folder. If you do not want to validate breaking changes, remove the property 'version' from the AppSourceCop.json. If you are using a workspace with multiple projects, use the 'baselinePackageCachePath' property in the AppSourceCop.json.	Microsoft.Dynamics.Nav.AppSourceCop.dll
AS0004	Error	Upgrade	True	Fields must not change type, since dependent extensions may break	Field '{0}' has changed type from '{1}' to '{2}'. Type changes are not allowed.	Microsoft.Dynamics.Nav.AppSourceCop.dll
AS0005	Error	Upgrade	True	Fields must not change name	The field with ID '{0}' and name '{1}' has been renamed to '{2}'{3}. Name changes are not allowed because this might break upgrade of existing installations.	Microsoft.Dynamics.Nav.AppSourceCop.dll
AS0006	Error	Upgrade	True	Tables that have been published must not change name.	The table with ID '{0}' and name '{1}' has been renamed to '{2}'. Name changes, including changing the casing, are not allowed because this will break upgrade of existing installations.	Microsoft.Dynamics.Nav.AppSourceCop.dll
AS0007	Error	Upgrade	True	Objects that have been published must not change namespace.	The {0} with name '{1}' has been moved from namespace '{2}' to '{3}'. Namespace changes are not allowed because this will break upgrade of existing installations and dependent extensions.	Microsoft.Dynamics.Nav.AppSourceCop.dll
AS0008	Error	Configuration	True	Defining reserved namespaces is not allowed.	The namespace '{0}' is reserved and must be renamed.	Microsoft.Dynamics.Nav.AppSourceCop.dll
AS0009	Error	Upgrade	True	Key fields must not be changed	The field list for key '{0}' has changed from '{1}' to '{2}'. Changes to the field list on the primary key or on the clustered key are not allowed because this will break upgrade of existing installations.	Microsoft.Dynamics.Nav.AppSourceCop.dll
AS0010	Error	Upgrade	True	Keys must not be deleted	The primary key '{0}' has changed from '{1}' to '{2}'. Name changes, including changing the casing, are not allowed because this will break upgrade of existing installations.	Microsoft.Dynamics.Nav.AppSourceCop.dll
AS0011	Error	Extensibility	True	An affix is required	The identifier '{0}' must have at least one of the mandatory affixes '{1}'.	Microsoft.Dynamics.Nav.AppSourceCop.dll
AS0013	Error	Extensibility	True	The field identifier must be within the allowed range	The field identifier '{0}' is not valid. It must be within the range '{1}', which is allocated to the application, and outside the range '{2}', which is allocated to per-tenant customizations.	Microsoft.Dynamics.Nav.AppSourceCop.dll
AS0014	Error	Extensibility	True	The project manifest must contain the allocated identifier range	The project manifest must contain the allocated identifier range.	Microsoft.Dynamics.Nav.AppSourceCop.dll
AS0015	Error	Extensibility	True	TranslationFile must be enabled.	The "TranslationFile" flag must be added to the "features" array in the app.json file.	Microsoft.Dynamics.Nav.AppSourceCop.dll
AS0016	Error	Extensibility	True	Fields of field class 'Normal' must use the DataClassification property and its value should be different from ToBeClassified	Field with name '{0}' must use the DataClassification property and its value should be different from ToBeClassified.	Microsoft.Dynamics.Nav.AppSourceCop.dll
AS0018	Error	Upgrade	True	A procedure belonging to the public API cannot be removed	Procedure '{0}' has been removed in '{1} {2}'. A procedure that belongs to the public API must not be removed as it will break dependent extensions calling this procedure.	Microsoft.Dynamics.Nav.AppSourceCop.dll
AS0019	Error	Upgrade	True	Event attributes cannot be removed	An '{0}' attribute has been removed from '{1}'. This is not allowed because it will break dependent extensions that have subscribed to this event.	Microsoft.Dynamics.Nav.AppSourceCop.dll
AS0020	Error	Upgrade	True	The type of events cannot be changed.	The event attribute cannot be changed from '{0}' to '{1}' on '{2}' because it might break dependent extensions.	Microsoft.Dynamics.Nav.AppSourceCop.dll
AS0021	Error	Upgrade	True	An argument in an event attribute cannot be changed to false.	The argument '{0}' for the event attribute '{1}' on '{2}' must not be changed to false because it may break dependent extensions that have subscribed to this event.	Microsoft.Dynamics.Nav.AppSourceCop.dll
AS0022	Error	Upgrade	True	An external scope cannot be removed	The external scope in '{0}' cannot be removed or changed to 'internal' because it will break dependent extensions. Note that adding an access modifier ('local', 'protected', or 'internal') overrides the argument in 'Scope'.	Microsoft.Dynamics.Nav.AppSourceCop.dll
AS0023	Error	Upgrade	True	A return type cannot be modified in external procedures	The return type in '{0}' has changed from '{1}' to '{2}'. This will break dependent extensions.	Microsoft.Dynamics.Nav.AppSourceCop.dll
AS0024	Error	Upgrade	True	Parameters cannot be removed or added in external procedures	The number of parameters in the external procedure '{0}' has changed from '{1}' to '{2}'. This will break dependent extensions.	Microsoft.Dynamics.Nav.AppSourceCop.dll
AS0025	Error	Upgrade	True	Parameters cannot be modified, renamed, or removed from events.	The signature of the event '{0}' has changed from '{1}' to '{2}'. This will break dependent extensions subscribing to this event.	Microsoft.Dynamics.Nav.AppSourceCop.dll
AS0026	Error	Upgrade	True	The type and subtype of parameters cannot be modified in events and external procedures	The type or subtype of '{0}' has been modified from '{1}' to '{2}'. This is not allowed in events and external procedures because it will break dependent extensions.	Microsoft.Dynamics.Nav.AppSourceCop.dll
AS0027	Error	Upgrade	True	Modifying the array size of a parameter in events and external procedures is not allowed	The array size of a parameter in '{0}' has been modified, this should be avoided in events and external procedures.	Microsoft.Dynamics.Nav.AppSourceCop.dll
AS0028	Error	Upgrade	True	Reducing the array size of a parameter in events and external procedures is not allowed	The array size of a parameter in '{0}' has been reduced, this should be avoided in events and external procedures.	Microsoft.Dynamics.Nav.AppSourceCop.dll
AS0029	Error	Upgrade	True	Pages and PageExtensions that have been published must not be deleted, since dependent extensions may break	The '{0}' with ID '{1}' and name '{2}' was found in the previous version, but is missing in the current extension. This will break dependent extensions.	Microsoft.Dynamics.Nav.AppSourceCop.dll
AS0030	Error	Upgrade	True	Pages that have been published must not be renamed.	The '{0}' with ID '{1}' and name '{2}' has been renamed to '{3}'. Name changes are not allowed because this will break dependent extensions.	Microsoft.Dynamics.Nav.AppSourceCop.dll
AS0031	Error	Upgrade	True	Actions that have been published must not be deleted.	The {0} with name '{1}' defined in {2} '{3}' was found in the previous version, but is missing in the current extension. This will break dependent extensions.	Microsoft.Dynamics.Nav.AppSourceCop.dll
AS0032	Error	Upgrade	True	Controls that have been published must not be deleted.	The {0} with name '{1}' defined in {2} '{3}' was found in the previous version, but is missing in the current extension. This will break dependent extensions.	Microsoft.Dynamics.Nav.AppSourceCop.dll
AS0033	Error	Upgrade	True	Views that have been published must not be deleted.	The {0} with name '{1}' defined in {2} '{3}' was found in the previous version, but is missing in the current extension. This will break dependent extensions.	Microsoft.Dynamics.Nav.AppSourceCop.dll
AS0034	Error	Upgrade	True	Unsupported table property change	The property '{0}' for {1} '{2}' has changed from value '{3}' to value '{4}'. This is not allowed because it will break upgrade of existing installations and dependent extensions.	Microsoft.Dynamics.Nav.AppSourceCop.dll
AS0035	Warning	Upgrade	True	Unsupported page property change	The property '{0}' for {1} '{2}' has changed from value '{3}' to value '{4}'. This is not allowed because it will break upgrade of existing installations and dependent extensions.	Microsoft.Dynamics.Nav.AppSourceCop.dll
AS0036	Error	Upgrade	True	Unsupported table field property change	The property '{0}' for field '{1}' in {2} '{3}' has changed from value '{4}' to value '{5}'. This is not allowed because it will break upgrade of existing installations and dependent extensions.	Microsoft.Dynamics.Nav.AppSourceCop.dll
AS0038	Error	Upgrade	True	Unsupported table key property change	The property '{0}' for key '{1}' in {2} '{3}' has changed from value '{4}' to value '{5}'. This is not allowed because it will break upgrade of existing installations and dependent extensions.	Microsoft.Dynamics.Nav.AppSourceCop.dll
AS0039	Error	Upgrade	True	Removing table properties that cause destructive changes is not allowed	Property '{0}' has been removed, this is a destructive change.	Microsoft.Dynamics.Nav.AppSourceCop.dll
AS0040	Warning	Upgrade	True	Removing page properties that cause destructive changes is not allowed	Property '{0}' has been removed, this is a destructive change.	Microsoft.Dynamics.Nav.AppSourceCop.dll
AS0041	Error	Upgrade	True	Table field property changes that cause destructive changes must not be removed	Property '{0}' has been removed, this is a destructive change.	Microsoft.Dynamics.Nav.AppSourceCop.dll
AS0042	Error	Upgrade	True	Table key property changes that cause destructive changes must not be removed	Property '{0}' has been removed, this is a destructive change.	Microsoft.Dynamics.Nav.AppSourceCop.dll
AS0043	Error	Upgrade	True	The clustered key must not be deleted	The clustered key '{0}' has been deleted in {1} '{2}'. Clustered key deletions are not allowed.	Microsoft.Dynamics.Nav.AppSourceCop.dll
AS0044	Error	Upgrade	True	Property changes that cause destructive changes are not allowed	OptionMembers has changed value from '{0}' to '{1}', this is a destructive change, only appending new OptionMembers is allowed.	Microsoft.Dynamics.Nav.AppSourceCop.dll
AS0047	Error	Extensibility	True	The extension name is too long.	The length of the extension name must not exceed 200 characters.	Microsoft.Dynamics.Nav.AppSourceCop.dll
AS0048	Error	Extensibility	True	The publisher name is too long.	The length of the extension publisher must not exceed 50 characters.	Microsoft.Dynamics.Nav.AppSourceCop.dll
AS0049	Error	Extensibility	True	The access modifier of an application object cannot be changed to a value that provides less access.	The access modifier of the {0} '{1}' cannot be changed to a value that provides less access.	Microsoft.Dynamics.Nav.AppSourceCop.dll
AS0050	Error	Extensibility	True	The extensibility of an application object cannot be removed	The {0} '{1}' was extensible in the previous version of the extension, but is not in the current version. This might break dependent extensions. Set the value of the 'Extensible' property to 'true'.	Microsoft.Dynamics.Nav.AppSourceCop.dll
AS0051	Error	Extensibility	True	Manifest property is required for AppSource submission	The manifest property '{0}' must be specified and contain a meaningful value.	Microsoft.Dynamics.Nav.AppSourceCop.dll
AS0052	Error	Extensibility	True	The property 'url' must be set to a valid URL	The property 'url' must be set to a valid URL.	Microsoft.Dynamics.Nav.AppSourceCop.dll
AS0053	Error	Extensibility	True	The compilation target of an application must be a value that is allowed in a multi-tenant SaaS environment	The compilation target is set to '{0}', but it must be set to 'Cloud' or 'Extension'.	Microsoft.Dynamics.Nav.AppSourceCop.dll
AS0054	Error	Configuration	True	The AppSourceCop configuration must specify the set of affixes used by the application	The AppSourceCop configuration must specify one of the following properties: 'mandatorySuffix', 'mandatoryPrefix', or 'mandatoryAffixes'	Microsoft.Dynamics.Nav.AppSourceCop.dll
AS0055	Hidden	Configuration	True	The AppSourceCop configuration must specify the list of countries/regions targeted by the application	The AppSourceCop configuration must specify the list of countries/regions targeted by the application by using the 'supportCountries' property.	Microsoft.Dynamics.Nav.AppSourceCop.dll
AS0056	Warning	Configuration	True	The country/region codes specified in the 'supportedCountries' property must be valid ISO 3166-1 alpha-2 codes	The code '{0}' is not a valid ISO 3166-1 alpha-2 code for a country/region supported by the product.	Microsoft.Dynamics.Nav.AppSourceCop.dll
AS0057	Hidden	Extensibility	True	Translations must be provided for all the locales in which the application will be available	Translations must be provided for the following language codes: {0}. Add a translation file for them or remove them from the list of supported countries/regions in the AppSourceCop.json file.	Microsoft.Dynamics.Nav.AppSourceCop.dll
AS0058	Error	Extensibility	True	Only use AssertError in Test Codeunits	Only use AssertError in Test Codeunits.	Microsoft.Dynamics.Nav.AppSourceCop.dll
AS0059	Error	Extensibility	True	Reserved database tables are read-only in a multi-tenant environment	The table '{0}' cannot be modified because it is part of the read-only application database or because it will result in undefined behavior.	Microsoft.Dynamics.Nav.AppSourceCop.dll
AS0060	Error	Extensibility	True	Unsafe methods cannot be invoked in an AppSource application	The method '{0}' cannot be invoked in an AppSource application.	Microsoft.Dynamics.Nav.AppSourceCop.dll
AS0061	Error	Extensibility	True	Procedures must not subscribe to CompanyOpen events	Procedure '{0}' cannot subscribe to '{1}' because it can increase the login time for Dynamics 365 Business Central.	Microsoft.Dynamics.Nav.AppSourceCop.dll
AS0062	Error	Extensibility	True	Page controls and actions must use the ApplicationArea property	{0} '{1}' must have a value for the ApplicationArea property so that they are visible to users. From runtime 11.0, you can specify on the application object level the ApplicationArea to use as default for all its controls and actions.	Microsoft.Dynamics.Nav.AppSourceCop.dll
AS0063	Error	Upgrade	True	Removing a var modifier in events is not allowed	The var modifier has been removed on the parameter '{0}' in the event '{1}'. This will break dependent extensions subscribing to this event.	Microsoft.Dynamics.Nav.AppSourceCop.dll
AS0064	Error	Upgrade	True	Interface implementations that have been published must not be deleted.	Implementation of interface '{0}' has been deleted on {1} '{2}'.	Microsoft.Dynamics.Nav.AppSourceCop.dll
AS0065	Error	Upgrade	True	Interfaces that have been published must not be deleted.	Interface '{0}' has been deleted.	Microsoft.Dynamics.Nav.AppSourceCop.dll
AS0066	Error	Upgrade	True	A new method to an interface that has been published must not be added.	Procedure '{0}' has been added in '{1} {2}'. A procedure must not be added to a public API.	Microsoft.Dynamics.Nav.AppSourceCop.dll
AS0067	Error	Upgrade	True	Adding an interface to an enum that has been published must have a default implementation.	Interface '{0}' has been added to the implemented interfaces by enum '{1}' without adding a default implementation.	Microsoft.Dynamics.Nav.AppSourceCop.dll
AS0068	Error	Upgrade	True	Changing a table extension's target is not allowed.	The target table of table extension '{0}' has changed from '{1}' to '{2}'. Changing the target of a table extension that has been published is not allowed, because this might break the upgrade of existing installations.	Microsoft.Dynamics.Nav.AppSourceCop.dll
AS0069	Error	Upgrade	True	An enum field replacing an option field should have at least the same number of members.	The enum '{0}' must have at least the same number of values as the number of option member '{1}' defined on field '{2}' in the previous version of the extension (Enum: '{3}' - Option: '{4}'). This is not allowed because this might break upgrade of existing installations and dependent extensions.	Microsoft.Dynamics.Nav.AppSourceCop.dll
AS0070	Error	Upgrade	True	An enum field replacing an option field should preserve the member names.	The option value '{0}' has been renamed to '{1}' in the enum '{2}' for field '{3}'. This is not allowed because this might break upgrade of existing installations and dependent extensions.	Microsoft.Dynamics.Nav.AppSourceCop.dll
AS0071	Error	Upgrade	True	An enum field replacing an option field should preserve the member ordinal values.	The enum '{0}' does not declare a value with ordinal value '{1}' and name '{2}' anymore. This is not allowed because this might break upgrade of existing installations and dependent extensions may break.	Microsoft.Dynamics.Nav.AppSourceCop.dll
AS0072	Hidden	Design	True	The attribute tag must be set to the next release version.	The {4} Tag {0} in {1} {2} is not allowed. Expected tag for this branch: {3}.	Microsoft.Dynamics.Nav.AppSourceCop.dll
AS0073	Hidden	Design	True	Attribute tag must be set.	The {2} Tag is not set on {0} '{1}'.	Microsoft.Dynamics.Nav.AppSourceCop.dll
AS0074	Hidden	Design	True	The attribute tag must be the same across branches.	Found {4} Tag with value '{0}' in the baseline and value '{1}' in current branch for {2} '{3}'. {4} Tag must be the same across branches.	Microsoft.Dynamics.Nav.AppSourceCop.dll
AS0075	Warning	Design	True	Attribute reason must be set.	The {2} Reason is not set on {0} '{1}'.	Microsoft.Dynamics.Nav.AppSourceCop.dll
AS0076	Hidden	Design	True	Attribute tag format.	{2} Tag must be formatted {0}. Current Value: {1}	Microsoft.Dynamics.Nav.AppSourceCop.dll
AS0077	Error	Upgrade	True	Adding a var modifier in events is not allowed	A var modifier has been added on the parameter '{0}' in the event '{1}'. This might break the runtime behavior of dependent extensions subscribing to this event.	Microsoft.Dynamics.Nav.AppSourceCop.dll
AS0078	Error	Upgrade	True	Adding or removing a var modifier in external procedures is not allowed	A var modifier has been added or removed on the parameter '{0}' in the procedure '{1}'. This might break the runtime behavior of dependent extensions calling this procedure.	Microsoft.Dynamics.Nav.AppSourceCop.dll
AS0079	Warning	Extensibility	True	An affix is required for procedures defined in extension objects.	The procedure '{0}' in {1} '{2}' must have at least one of the mandatory affixes '{3}' to prevent breaking dependent extensions that reference it in case a procedure with the same signature is introduced by the base object or by another extension.	Microsoft.Dynamics.Nav.AppSourceCop.dll
AS0080	Error	Upgrade	True	Fields must not decrease in length	Field '{0}' has changed from '{1}' to '{2}' in table or table extension '{3}'. Decreasing the length of a field is not allowed.	Microsoft.Dynamics.Nav.AppSourceCop.dll
AS0081	Warning	Extensibility	True	InternalsVisibleTo should not be used as a security feature.	The InternalsVisibleTo setting will expose your internal objects to any extension with the given name, publisher, and ID. Access modifiers are not designed to be used as a security boundary, but for API development.	Microsoft.Dynamics.Nav.AppSourceCop.dll
AS0082	Error	Upgrade	True	It is not allowed to rename an enum value.	The enum value with name '{0}' and ID '{1}' defined in '{2}' has been renamed to '{3}'. Name changes are not allowed because it might break the upgrade of existing installations and dependent extensions.	Microsoft.Dynamics.Nav.AppSourceCop.dll
AS0083	Error	Upgrade	True	It is not allowed to delete a value from an enum.	The enum value with name '{0}' and ID '{1}' was found in the previous version of '{2}', but is missing in the current extension. This might break the upgrade of existing installations and dependent extensions.	Microsoft.Dynamics.Nav.AppSourceCop.dll
AS0084	Error	Extensibility	True	The ID range assigned to the extension must be within the allowed range	The ID range '{0}' is not valid. It must be within the range allocated to the partner for AppSource, within the range '{1}' allocated to AppSource applications, and outside the range '{2}' allocated to per-tenant customizations.	Microsoft.Dynamics.Nav.AppSourceCop.dll
AS0085	Warning	Extensibility	True	Use the 'application' property instead of specifying explicit dependencies.	The 'application' property should be used for expressing a dependency on the 'Base Application' or the 'System Application' instead of explicit dependencies. See https://learn.microsoft.com/dynamics365/business-central/dev-itpro/developer/devenv-application-app-file for additional information.	Microsoft.Dynamics.Nav.AppSourceCop.dll
AS0086	Warning	Upgrade	True	Fields must not increase in length	Field '{0}' has changed from '{1}' to '{2}' in table or table extension '{3}'. Increasing the length of a field is not allowed as it might break the runtime behavior of dependent extensions referencing it.	Microsoft.Dynamics.Nav.AppSourceCop.dll
AS0087	Warning	Extensibility	True	Translations of enum value captions must not contain commas	Translations of enum value captions must not contain commas. File = '{0}', Transunit id = '{1}'	Microsoft.Dynamics.Nav.AppSourceCop.dll
AS0088	Error	Upgrade	True	Objects with an ID that can be referenced and which have been published must not be deleted.	The '{0}' with ID '{1}' and name '{2}' was found in the previous version, but is missing in the current extension. This will break dependent extensions.	Microsoft.Dynamics.Nav.AppSourceCop.dll
AS0089	Error	Upgrade	True	Objects that can be referenced and which have been published must not be deleted.	The '{0}' with name '{1}' was found in the previous version, but is missing in the current extension. This will break dependent extensions.	Microsoft.Dynamics.Nav.AppSourceCop.dll
AS0090	Error	Upgrade	True	Objects that can be referenced and which have been published must not be renamed.	The '{0}' with ID '{1}' and name '{2}' has been renamed to '{3}'. Name changes are not allowed because it will break dependent extensions.	Microsoft.Dynamics.Nav.AppSourceCop.dll
AS0091	Error	Upgrade	True	One or more dependencies of the previous version of the extension could not be found.	One or more dependencies of the previous version of the extension could not be found in the baseline package cache folder. Details: {0}	Microsoft.Dynamics.Nav.AppSourceCop.dll
AS0092	Warning	Configuration	True	The app.json file must specify an Azure Application Insights resource.	The app.json file must specify an Azure Application Insights resource with the property '{0}' for monitoring operations related to this extension. See https://learn.microsoft.com/dynamics365/business-central/dev-itpro/administration/telemetry-overview for additional information.	Microsoft.Dynamics.Nav.AppSourceCop.dll
AS0094	Warning	Configuration	True	Permission Sets should not be defined in XML files.	The XML file '{0}' should not contain Permissions or Permission Sets. Instead, use the dedicated AL object 'PermissionSet'.	Microsoft.Dynamics.Nav.AppSourceCop.dll
AS0095	Error	Configuration	True	The access modifier of a table field cannot be changed to a value that provides less access.	The accessibility of the field '{0}' in {1} '{2}' has changed from '{3}' to '{4}'. This is not allowed because it reduces the accessibility of the field.	Microsoft.Dynamics.Nav.AppSourceCop.dll
AS0096	Error	Configuration	True	The name of an extension cannot be changed.	The name of the extension has changed from '{0}' to '{1}'. Renaming extensions is only supported from runtime '8.0' while the extension specifies '{2}'. This will break the upgrade of existing installations and dependent extensions.	Microsoft.Dynamics.Nav.AppSourceCop.dll
AS0097	Error	Configuration	True	The publisher name of an extension cannot be changed.	The publisher name of the extension has changed from '{0}' to '{1}'. Renaming publishers is only supported from runtime '8.0' while the extension specifies '{2}'. This will break the upgrade of existing installations and dependent extensions.	Microsoft.Dynamics.Nav.AppSourceCop.dll
AS0098	Warning	Extensibility	True	An affix is needed.	The identifier '{0}' must have at least one of the mandatory affixes '{1}'.	Microsoft.Dynamics.Nav.AppSourceCop.dll
AS0099	Info	Extensibility	True	The member ID should be within the allowed range	The ID '{0}' for the {1} '{2}' is not valid. It should be within the range '{3}', which is allocated to the application, and outside the range '{4}', which is allocated to per-tenant customizations.	Microsoft.Dynamics.Nav.AppSourceCop.dll
AS0100	Error	Extensibility	True	The 'application' property must be specified in the app.json file.	The 'application' property in the app.json file must be specified on apps targeting the AppSource marketplace.	Microsoft.Dynamics.Nav.AppSourceCop.dll
AS0101	Error	Upgrade	True	The 'Isolated' argument cannot be changed, added, or removed.	The 'Isolated' argument for the event attribute '{0}' on '{1}' changed from '{2}' to '{3}'. It must not be removed, added, or changed because it may break dependent extensions that have subscribed to this event.	Microsoft.Dynamics.Nav.AppSourceCop.dll
AS0102	Error	Upgrade	True	Cannot add a return value to a procedure	It is not allowed to add a return value to procedure '{0}' on object '{1}', because it might break dependent extensions at runtime.	Microsoft.Dynamics.Nav.AppSourceCop.dll
AS0103	Warning	Configuration	True	Table definitions must have a matching permission set.	Table {0} '{1}' is missing a matching permission set.	Microsoft.Dynamics.Nav.AppSourceCop.dll
AS0104	Error	Extensibility	True	The extension name is not valid.	The extension name '{0}' is not valid.	Microsoft.Dynamics.Nav.AppSourceCop.dll
AS0105	Error	Design	True	Object pending obsoletion contains an expired ObsoleteTag.	The {0} '{1}' cannot be referenced because it is marked with ObsoleteTag '{2}' which is lower than the minimum supported ObsoleteTag '{3}' set in the AppSourceCop.json file.	Microsoft.Dynamics.Nav.AppSourceCop.dll
AS0106	Error	Design	True	A variable belonging to the public API cannot be removed.	The variable '{0}' of type '{1}' defined in {2} '{3}' was found in the previous version, but is missing in the current extension. This will break dependent extensions.	Microsoft.Dynamics.Nav.AppSourceCop.dll
AS0107	Error	Design	True	The access modifier of a variable that belongs to the public API cannot be changed to a value that provides less access.	The access modifier of the variable '{0}' of type '{1}' defined in {2} '{3}' cannot be changed to a value that provides less access.	Microsoft.Dynamics.Nav.AppSourceCop.dll
AS0108	Error	Design	True	The type of a variable belonging to the public API cannot be changed.	The type of variable '{0}' defined in {1} '{2}' has changed from '{3}' to '{4}'. This will break dependent extensions.	Microsoft.Dynamics.Nav.AppSourceCop.dll
AS0109	Warning	Upgrade	True	The type of the table has changed from Normal to Temporary.	The type of the table '{0}' has changed from 'Normal' to 'Temporary'. This will break synchronizing the app if the table contains data. Make sure to remove all data from the table before changing the table type to temporary.	Microsoft.Dynamics.Nav.AppSourceCop.dll
AS0110	Warning	Extensibility	True	Permission set extensions should not include permissions for objects defined in another application.	Permissions for the object '{0}' should not be added through a permission set extension because it is defined in another application.	Microsoft.Dynamics.Nav.AppSourceCop.dll
AS0111	Warning	Extensibility	True	Permission set extensions should not include permission sets defined in another application.	The permission set '{0}' should not be included through a permission set extension because it is defined in another application.	Microsoft.Dynamics.Nav.AppSourceCop.dll
AS0112	Warning	Extensibility	True	Permission set extensions should not include permission sets which include permissions for objects defined in another application.	The permission set '{0}' should not be included through a permission set extension because it includes permissions for objects defined in another application.	Microsoft.Dynamics.Nav.AppSourceCop.dll
AS0113	Warning	Extensibility	True	Permission set extensions should not include wildcard permissions.	Wildcard permissions should not be included in a permission set extension.	Microsoft.Dynamics.Nav.AppSourceCop.dll
AS0114	Error	Upgrade	True	The name of an external business event cannot be changed.	The event name cannot be changed from '{0}' to '{1}' because it might break external subscribers.	Microsoft.Dynamics.Nav.AppSourceCop.dll
AS0115	Error	Upgrade	True	The obsolete state cannot change directly from 'No' to 'Removed'.	The obsolete state from {0} with name '{1}' has changed from 'No' to 'Removed' without being transitioned to 'Pending' first. This can break the upgrade of existing installations and dependent extensions.	Microsoft.Dynamics.Nav.AppSourceCop.dll
AS0116	Warning	Upgrade	True	Source application for the moved symbol cannot be found.	An extension with AppId '{0}' specified in the 'MovedFrom' property cannot be found in the dependencies of the app or the cache specified in the 'sourceMovedObjectsPackagesCachePath' AppSourceCop configuration property.	Microsoft.Dynamics.Nav.AppSourceCop.dll
AS0117	Error	Upgrade	True	Application object is moved without the use of PendingMove.	A module with App Id '{0}' that was set in the MovedTo property is not found within the modules the current app depends on, meaning the move of application object '{1}' of type '{2}' with ID '{3}' might be a breaking change. In such cases you must set ObsoleteState = PendingMove of the moved object in the baseline version.	Microsoft.Dynamics.Nav.AppSourceCop.dll
AS0118	Error	Upgrade	True	The length of a field part of the primary key cannot change.	Field '{0}' has changed from '{1}' to '{2}' in table or table extension '{3}'. Modifying the length of a field part of the primary key is not allowed.	Microsoft.Dynamics.Nav.AppSourceCop.dll
AS0119	Error	Upgrade	True	The value of the MovedTo property in the source symbol does not match the destination AppId.	The source symbol '{0}' of type '{1}' with ID '{2}' was found in module with AppId '{3}' but the application does not move the symbol to the expected destination AppId.	Microsoft.Dynamics.Nav.AppSourceCop.dll
AS0120	Error	Upgrade	True	The value of the MovedFrom property in the destination object does not match the source AppId.	The destination symbol '{0}' of type '{1}' with ID '{2}' was found in module with AppId '{3}' but the value of MovedFrom property does not match the source AppId.	Microsoft.Dynamics.Nav.AppSourceCop.dll
AS0121	Error	Upgrade	True	When a symbol is moved the name must remain the same.	The name of the moved symbol '{0}' of type '{1}' with ID '{2}' in the source application does not match the name in the destination application.	Microsoft.Dynamics.Nav.AppSourceCop.dll
AS0122	Warning	Upgrade	True	Source symbol for the moved symbol cannot be found in the package with the given AppId.	The module with AppId '{0}' specified in the MovedFrom property was found but it doesn't move the symbol '{1}' of type '{2}' and ID '{3}'.	Microsoft.Dynamics.Nav.AppSourceCop.dll
AS0123	Error	Upgrade	True	A key cannot be declared as clustered on an existing table.	The key '{0}' cannot be declared as clustered on an existing table. Changing the clustered key is not allowed because this will break upgrade of existing installations.	Microsoft.Dynamics.Nav.AppSourceCop.dll
AS0124	Error	Upgrade	True	Changing an extension object's target is not allowed.	The target of the extension object '{0}' has changed from '{2}' to '{3}'. Changing the target of an extension object that has been published is not allowed, because this might break the dependent extensions.	Microsoft.Dynamics.Nav.AppSourceCop.dll
AS0125	Info	Upgrade	True	Changes the XLIFF translation ID are not allowed.	The XLIFF translation ID of the '{0}' '{1}' defined in the '{2}' named '{3}' has changed from '{4}' to '{5}'. This will break the translations provided by dependent extensions for your extension.	Microsoft.Dynamics.Nav.AppSourceCop.dll
AS0126	Warning	Extensibility	True	InternalsVisibleTo should not specifying a different publisher name than the one of this extension.	The publisher '{0}' defined in the property 'internalsVisibleTo' of the app.json file is different from the publisher of this extension '{1}'.	Microsoft.Dynamics.Nav.AppSourceCop.dll
AS0127	Warning	Extensibility	True	Objects should be placed in a namespace with at least two levels.	Objects should be placed in a namespace with at least two levels of nesting.	Microsoft.Dynamics.Nav.AppSourceCop.dll
AS0128	Error	Upgrade	True	An interface must not be removed from the the list of extended interfaces on an interface that has been published.	Interface '{0}' has been removed from list of in extended interfaces on Interface '{1}'. An interface must not be removed from the list of extended interfaces.	Microsoft.Dynamics.Nav.AppSourceCop.dll
AS0129	Error	Upgrade	True	An interface must not be added to the the list of extended interfaces on an interface that has been published.	Interface '{0}' has been added to list of extended interfaces on Interface '{1}'. An interface must not be added to the list of extended interfaces.	Microsoft.Dynamics.Nav.AppSourceCop.dll
AS0130	Warning	Extensibility	True	Avoid using duplicate object names	An object of type '{0}' with the same unqualified name '{1}' already exists in one or more of the dependencies. This can cause runtime issues and compilation errors in dependent apps.	Microsoft.Dynamics.Nav.AppSourceCop.dll
AS0131	Hidden	Upgrade	True	Tables with schema should not be added.	The {0} with name '{1}' and ID '{2}' was not found in the previous version.	Microsoft.Dynamics.Nav.AppSourceCop.dll
AS0132	Hidden	Upgrade	True	Fields with schema should not be added.	The field with name '{0}' and ID '{1}' was not found in the previous version of {2} with name '{3}'.	Microsoft.Dynamics.Nav.AppSourceCop.dll
AS0133	Hidden	Upgrade	True	Keys should not be added.	The key with name '{0}' was not found in the previous version of {1} with name '{2}'.	Microsoft.Dynamics.Nav.AppSourceCop.dll
AS0134	Warning	Upgrade	True	The version of an external business event cannot be changed.	The event version cannot be changed from '{0}' to '{1}' because it might break external subscribers.	Microsoft.Dynamics.Nav.AppSourceCop.dll
AS0135	Error	Upgrade	True	External business events must be marked obsolete before they can be removed.	One-step removal of the external business event '{0}' is not allowed as it can introduce breaking changes for external subscribers. External business events must be marked obsolete prior to removal. Alternatively, if deprecation was not intended, move the event to a different object.	Microsoft.Dynamics.Nav.AppSourceCop.dll
AS0136	Warning	Upgrade	True	Field IDs can only be changed with proper obsoletion.	The ID of the field '{0}' changed from '{1}' to '{2}'. This change is only allowed if the field is pending for obsoletion in the previous version and the application is authored by Microsoft.	Microsoft.Dynamics.Nav.AppSourceCop.dll
AS0137	Error	Upgrade	True	The ID of fields in the primary key cannot change.	The ID of the field '{0}' changed from '{1}' to '{2}'. This change is not allowed if the field is part of the primary key.	Microsoft.Dynamics.Nav.AppSourceCop.dll
AS0138	Hidden	Extensibility	True	Table fields should use the AllowInCustomizations property	The field '{0}' should have a value for the AllowInCustomizations property and its value must be different from ToBeClassified and Always. From runtime 16.0, you can specify on the application object level the AllowInCustomizations to use as default for all its fields.	Microsoft.Dynamics.Nav.AppSourceCop.dll
AS0139	Warning	Upgrade	True	New table fields must use the AllowInCustomizations property	The table field '{0}' must have a value for the AllowInCustomizations property and its value must be different from ToBeClassified and Always. From runtime 16.0, you can specify on the application object level the AllowInCustomizations to use as default for all its fields.	Microsoft.Dynamics.Nav.AppSourceCop.dll
AS0140	Error	Upgrade	True	Analysis views that have been published must not be deleted.	The {0} with name '{1}' defined in {2} '{3}' was found in the previous version, but is missing in the current extension. This will break dependent extensions.	Microsoft.Dynamics.Nav.AppSourceCop.dll
AS0141	Error	Upgrade	True	A table that appears to be moved from another app must have the MovedFrom property.	The {0} '{1}' with ID '{2}' in app '{3}' appears to have been moved from app '{4}' but is missing the MovedFrom property. Add the MovedFrom property with the source app ID.	Microsoft.Dynamics.Nav.AppSourceCop.dll
AS0142	Error	Upgrade	True	The destination table must have the MovedFrom property.	The destination {0} '{1}' with ID '{2}' in app '{3}' is missing the MovedFrom property, but the same {0} ID exists in app '{4}'. Add the MovedFrom property with the source app ID '{5}'.	Microsoft.Dynamics.Nav.AppSourceCop.dll
AS0146	Warning	Upgrade	True	Changing a field from Integer to BigInteger may break dependent extensions.	The table field '{0}' has been changed from Integer to BigInteger. This may cause runtime errors in extensions that reference this field.	Microsoft.Dynamics.Nav.AppSourceCop.dll
AS0147	Warning	Upgrade	True	Changing a parameter from Integer to BigInteger might break dependent extensions.	The parameter '{0}' in procedure '{1}' has been changed from Integer to BigInteger. This might cause runtime errors in extensions that call this procedure.	Microsoft.Dynamics.Nav.AppSourceCop.dll
AS0148	Error	Upgrade	True	An interface method was made required without first being marked [RequiredPending].	Method '{0}' on interface '{1}' was made required without first being marked [RequiredPending]. Add [RequiredPending] in a prior version before removing the default body.	Microsoft.Dynamics.Nav.AppSourceCop.dll
AS0149	Warning	Upgrade	True	Adding or removing a required method on an interface may break dependent extensions at runtime.	Method '{0}' on interface '{1}' has been {2}. This changes the interface's runtime identifier and may break dependent extensions at runtime until they are recompiled.	Microsoft.Dynamics.Nav.AppSourceCop.dll
AS0150	Error	Extensibility	True	Fully-namespaced app objects must be in a compliant namespace	The object '{0}' must be in a compliant namespace with at least two levels because the app uses the FullNamespaceScope feature.	Microsoft.Dynamics.Nav.AppSourceCop.dll
AS0151	Info	Extensibility	True	FullNamespaceScope conflicts with mandatory affix configuration	The FullNamespaceScope feature is enabled but mandatory affix settings '{0}' (mandatoryAffixes, mandatoryPrefix, or mandatorySuffix) are also configured. Affix rules are not enforced when FullNamespaceScope is active. Remove the affix configuration from AppSourceCop.json.	Microsoft.Dynamics.Nav.AppSourceCop.dll
AS0152	Warning	Upgrade	True	Removing a codeunit used as a default implementation is a runtime breaking change.	Codeunit '{0}' has been removed but was used as the default implementation for interface '{1}' on enum '{2}'. Dependent enum extensions have this codeunit's ID baked into their metadata and will fail at runtime.	Microsoft.Dynamics.Nav.AppSourceCop.dll
AW0001	Warning	WebClient	True	The Web client does not support displaying the Request page of XMLPorts.	The Web client does not support displaying the Request page of the XMLPort '{0}'.	Microsoft.Dynamics.Nav.UICop.dll
AW0002	Warning	WebClient	True	The Web client does not support displaying both Actions and Fields in Cue Groups. Only Fields will be displayed.	The Web client does not support displaying both Actions and Fields in the Cue Group '{0}'. Only Fields will be displayed.	Microsoft.Dynamics.Nav.UICop.dll
AW0003	Warning	WebClient	True	The Web client does not support displaying Repeater controls containing Parts.	The Web client does not support displaying Repeater controls containing Parts.	Microsoft.Dynamics.Nav.UICop.dll
AW0004	Warning	WebClient	True	A Blob cannot be used as a source expression for a page field.	A Blob cannot be used as a source expression for a page field.	Microsoft.Dynamics.Nav.UICop.dll
AW0005	Info	WebClient	True	Actions should use the Image property.	Action with name '{0}' should have a value for the Image property.	Microsoft.Dynamics.Nav.UICop.dll
AW0006	Info	WebClient	True	Pages and reports should use the UsageCategory and ApplicationArea properties to be searchable.	The {0} '{1}' should use the UsageCategory and ApplicationArea properties to be searchable.	Microsoft.Dynamics.Nav.UICop.dll
AW0007	Error	WebClient	True	The Web client does not support displaying Repeater controls that contain FlowFilter fields.	The FlowFilter field '{0}' in the Repeater control '{1}' cannot be displayed by the Web client.	Microsoft.Dynamics.Nav.UICop.dll
AW0008	Warning	WebClient	True	The Web client only supports displaying Repeater controls in pages of type List, ListPart, and Worksheet.	The repeater '{0}' in page '{1}' is not supported by the Web client. The Web client does not support displaying repeater controls in pages of type '{2}'.	Microsoft.Dynamics.Nav.UICop.dll
AW0009	Warning	WebClient	True	Using a Blob with subtype Bitmap on a page field is deprecated. Instead use the Media/MediaSet data types.	Using a Blob with subtype Bitmap on a page field is deprecated. Instead use the Media/MediaSet data types.	Microsoft.Dynamics.Nav.UICop.dll
AW0010	Warning	WebClient	True	A Repeater control used on a List page must be defined at the beginning of the area(Content) section.	A Repeater control used on a List page must be defined at the beginning of the area(Content) section.	Microsoft.Dynamics.Nav.UICop.dll
AW0011	Info	WebClient	True	Add PromotedOnly="true" to some or all promoted actions to avoid identical actions from appearing in both the promoted and default sections of the command bar.	Group "{0}" only contains promoted actions that are not set to PromotedOnly="true".	Microsoft.Dynamics.Nav.UICop.dll
AW0012	Warning	WebClient	True	The Web client does not support properties for teaching tips in certain contexts.	The '{0}' property cannot be declared on '{1}' of type '{2}' on {3} '{4}', because the Web client does not support teaching tips in this location.	Microsoft.Dynamics.Nav.UICop.dll
AW0013	Warning	WebClient	True	Groups containing promoted actions should not be hidden.	The group '{0}' defined in {1} '{2}' should not be hidden because it contains promoted actions.	Microsoft.Dynamics.Nav.UICop.dll
AW0014	Warning	WebClient	True	Groups containing ActionRef targets should not be hidden.	The group '{0}' defined in {1} '{2}' should not be hidden because it contains the target actions for some ActionRefs.	Microsoft.Dynamics.Nav.UICop.dll
AW0015	Warning	WebClient	True	Actions with scope repeater must be promoted.	The action '{0}' defined in {1} '{2}' is marked with 'Scope = Repeater', but is not promoted. Only promoted Actions with scope repeater are rendered.	Microsoft.Dynamics.Nav.UICop.dll
AW0016	Warning	WebClient	True	Rich Text Editor fields are only allowed while alone in a FastTab group.	The Rich Text Editor field '{0}' defined in {1} '{2}' should be the only field in the containing FastTab group or Area to be rendered correctly in the UI. This field should be defined within a top level group for all page types, except for PromptDialog pages where it can also be placed as an immediate child of the Content area, and for Navigate pages where it can also be placed in a sub-group.	Microsoft.Dynamics.Nav.UICop.dll
AW0017	Warning	WebClient	True	MaskType property cannot be used inside repeaters.	The MaskType property cannot be used inside repeater controls.	Microsoft.Dynamics.Nav.UICop.dll
DC0000	Info	Internal	True	Analyzer threw an unhandled exception	Analyzer '{0}' threw an exception of type '{1}': {2}	ALCops.DocumentationCop.dll
DC0001	Info	Design	True	Commit() needs a comment to justify its existence	Commit() needs a comment to justify its existence. Add a leading or trailing comment explaining why it is required.	ALCops.DocumentationCop.dll
DC0002	Info	Design	True	Writing to FlowFields is not common and requires an explanatory comment	Writing to a FlowField is not common and requires a comment explaining why this assignment is intentional.	ALCops.DocumentationCop.dll
DC0003	Info	Design	True	Empty statements should be removed or documented	Empty statements should be removed or have a leading or trailing comment explaining why it is intentionally empty.	ALCops.DocumentationCop.dll
DC0004	Info	Design	True	Public procedures must include XML documentation comments	Public procedure '{0}' must include XML documentation comments (or be restricted to local or internal scope).	ALCops.DocumentationCop.dll
DC0005	Info	Design	True	XML documentation must match the procedure signature	The XML documentation does not match the procedure signature.	ALCops.DocumentationCop.dll
DC0006	Info	Design	False	Internal procedures must include XML documentation comments	Internal procedure '{0}' must include XML documentation comments (or be restricted to local scope).	ALCops.DocumentationCop.dll
DC0007	Info	Design	True	Public objects must include XML documentation comments	Public object '{0}' must include XML documentation comments.	ALCops.DocumentationCop.dll
DC0008	Info	Design	False	Internal objects must include XML documentation comments	Internal object '{0}' must include XML documentation comments.	ALCops.DocumentationCop.dll
DC0009	Info	Design	True	An integration or business event must include XML documentation comments	Event '{0}' must include XML documentation comments.	ALCops.DocumentationCop.dll
DC0010	Info	Design	False	Internal event must include XML documentation comments	Internal event '{0}' must include XML documentation comments.	ALCops.DocumentationCop.dll
FC0000	Info	Internal	True	Analyzer threw an unhandled exception	Analyzer '{0}' threw an exception of type '{1}': {2}	ALCops.FormattingCop.dll
FC0001	Warning	Design	True	Procedure or Trigger declaration should not end with semicolon	The {0} declaration ends with a semicolon. Remove the trailing semicolon from the declaration.	ALCops.FormattingCop.dll
FC0002	Info	Design	True	Casing of symbols and keywords must align with the language definition	Use '{0}' instead of '{1}' for consistent casing.	ALCops.FormattingCop.dll
FC0003	Warning	Design	True	Function calls should have parenthesis even if they do not have any parameters	You must specify open and close parenthesis after '{0}'.	ALCops.FormattingCop.dll
FC0004	Info	Style	True	Permission declarations should be ordered alphabetically	The Permissions property entries are not ordered alphabetically by type and name.	ALCops.FormattingCop.dll
FC0005	Warning	Design	True	Call methods with parenthesis instead of using assignment syntax	Call method '{0}' using parenthesis instead of assignment syntax.	ALCops.FormattingCop.dll
FC0006	Info	Style	True	Permission values should be lowercase	The Permissions property contains uppercase permission values; use lowercase 'r', 'i', 'm', 'd' and 'x' instead.	ALCops.FormattingCop.dll
FC0007	Info	Style	False	Statement blocks should be separated by a blank line	Statement blocks should be separated. Insert a blank line {0}.	ALCops.FormattingCop.dll
LC0000	Info	Internal	True	Analyzer threw an unhandled exception	Analyzer '{0}' threw an exception of type '{1}': {2}	ALCops.LinterCop.dll
LC0003	Warning	Design	True	Do not use Object IDs as object references	Object ID '{0}' used as object reference. Use the object name '{1}' instead.	ALCops.LinterCop.dll
LC0007	Info	Design	False	Maintainability index metric	Maintainability index: {0} (threshold ≤ {1})	ALCops.LinterCop.dll
LC0008	Warning	Design	True	Maintainability index below configured threshold	Maintainability index: {0} (threshold ≤ {1})	ALCops.LinterCop.dll
LC0009	Info	Design	False	Cyclomatic complexity: {0} (threshold ≥ {1})	Cyclomatic complexity: {0} (threshold ≥ {1})	ALCops.LinterCop.dll
LC0010	Warning	Design	True	Cyclomatic complexity exceeds configured threshold	Cyclomatic complexity: {0} (threshold ≥ {1})	ALCops.LinterCop.dll
LC0019	Warning	Design	True	DataClassification matches the table-level DataClassification and can be removed.	DataClassification matches the table-level DataClassification and can be removed.	ALCops.LinterCop.dll
LC0020	Warning	Design	True	ApplicationArea matches the page-level ApplicationArea and can be removed	ApplicationArea matches the page-level ApplicationArea and can be removed	ALCops.LinterCop.dll
LC0028	Warning	Design	True	Use identifier syntax in event subscriber arguments	Event subscriber arguments should use identifier syntax instead of string literals.	ALCops.LinterCop.dll
LC0031	Info	Design	True	Use ReadIsolation instead of LockTable	Use ReadIsolation(IsolationLevel::UpdLock) instead of LockTable().	ALCops.LinterCop.dll
LC0033	Warning	Design	True	The specified runtime version in app.json is falling behind. The project targets {0} version {1} and the current runtime is {2}. Update the runtime to {3} for compatibility with the latest runtime features.	The specified runtime version in app.json is falling behind. The project targets {0} version {1} and the current runtime is {2}. Update the runtime to {3} for compatibility with the latest runtime features.	ALCops.LinterCop.dll
LC0040	Warning	Design	True	The method call '{0}' does not explicitly specify the RunTrigger parameter. Set RunTrigger explicitly instead of the implicit default value of false.	The method call '{0}' does not explicitly specify the RunTrigger parameter. Set RunTrigger explicitly instead of the implicit default value of false.	ALCops.LinterCop.dll
LC0043	Warning	Design	True	Use SecretText type to protect credentials and sensitive textual values from being revealed	Sensitive textual values should be passed as SecretText to prevent them from being revealed.	ALCops.LinterCop.dll
LC0048	Warning	Design	True	Error is called with a Text value. Use ErrorInfo or a Label variable to preserve error details in telemetry.	Error is called with a Text value. Use ErrorInfo or a Label variable to preserve error details in telemetry.	ALCops.LinterCop.dll
LC0052	Warning	Design	True	The internal method is declared but never used.	The {0} method {1} in {2} {3} (Access = {4}) is declared but never used.	ALCops.LinterCop.dll
LC0053	Warning	Design	True	The internal method is only used in the object in which it is declared.	The {0} method {1} is only used in the object {2} {3} (Access = {4}) in which it is declared. Consider making the procedure local.	ALCops.LinterCop.dll
LC0054	Warning	Design	False	Use the standard 'I' prefix for interface object names.	Interface '{0}' must start with a capital 'I' and must not contain a space directly after it.	ALCops.LinterCop.dll
LC0063	Info	Design	True	Consider naming field with a more descriptive name: '{0}'.	Consider naming field with a more descriptive name: '{0}'.	ALCops.LinterCop.dll
LC0081	Warning	Design	True	Use Rec.IsEmpty() for checking record existence	Avoid using {0}.Count() for checking record existence. Use {0}.IsEmpty() instead for better performance.	ALCops.LinterCop.dll
LC0082	Info	Design	True	Consider using a Query object or Rec.Find('-') with Rec.Next() for checking exactly one record	Consider using a Query object or {0}.Find('-') together with {0}.Next() instead of {0}.Count() {1} {2} for faster and more efficient record checks.	ALCops.LinterCop.dll
LC0083	Warning	Design	True	Use the new method {0}.{1} to extract specific parts of date/time values.	Use the new method {0}.{1} to extract specific parts of date/time values.	ALCops.LinterCop.dll
LC0086	Warning	Design	True	Use the new PageStyle datatype instead string literals	Avoid using the string literal '{0}' for page styling. Use the PageStyle datatype instead (PageStyle::{1}).	ALCops.LinterCop.dll
LC0088	Info	Design	True	Prefer Enum over Option type	Prefer using an Enum instead of an Option type.	ALCops.LinterCop.dll
LC0089	Info	Design	False	Cognitive Complexity: {0} (threshold ≥ {1})	Cognitive Complexity: {0} (threshold ≥ {1})	ALCops.LinterCop.dll
LC0090	Warning	Design	True	Cognitive Complexity exceeds threshold.	Cognitive Complexity: {0} (threshold ≥ {1})	ALCops.LinterCop.dll
LC0091	Warning	Design	True	Translatable text should be translated	Missing translation for '{0}' in language(s): {1}	ALCops.LinterCop.dll
LC0092	Warning	Naming	True	Name does not match naming convention	{0} name "{1}" {2}	ALCops.LinterCop.dll
LC0094	Warning	Design	True	AllowInCustomizations matches the table-level AllowInCustomizations and can be removed.	AllowInCustomizations matches the table-level AllowInCustomizations and can be removed.	ALCops.LinterCop.dll
LC0095	Warning	Design	True	Parameter is not referenced	Parameter '{0}' is not referenced in procedure '{1}'.	ALCops.LinterCop.dll
LC0096	Warning	Usage	True	Unnecessary record parameter in method call	The record variable '{0}' is passed as an argument to a method that is already invoked on the same record. Remove the redundant parameter.	ALCops.LinterCop.dll
LC0097	Info	Usage	False	Avoid mixing exit() and named return variable assignments	{0} '{1}' mixes exit() with assignments to the named return variable. Use one return style consistently.	ALCops.LinterCop.dll
LC0098	Info	Naming	True	Event subscriber procedure name does not match the configured template	Event subscriber '{0}' does not match the expected name '{1}'	ALCops.LinterCop.dll
LC0099	Info	Design	True	Event subscriber parameter is not referenced	Parameter '{0}' is not referenced in event subscriber '{1}'.	ALCops.LinterCop.dll
PC0000	Info	Internal	True	Analyzer threw an unhandled exception	Analyzer '{0}' threw an exception of type '{1}': {2}	ALCops.PlatformCop.dll
PC0001	Warning	Design	True	FlowFields should not be editable	Field '{0}' is editable, which is uncommon for a FlowField. Set Editable = false, or add a comment to justify why editing is intentional.	ALCops.PlatformCop.dll
PC0002	Error	Design	True	AutoIncrement fields are not supported in temporary tables	AutoIncrement is used in a table with TableType = Temporary, which will cause a runtime error. Remove AutoIncrement or make the table non-temporary.	ALCops.PlatformCop.dll
PC0003	Error	Design	True	Filter operators should not be used in SetRange	SetRange is called with a filter expression. Use SetFilter instead.	ALCops.PlatformCop.dll
PC0004	Error	Design	True	Zero index access on 1-based List objects	List objects are 1-based	ALCops.PlatformCop.dll
PC0005	Warning	Design	False	Explicitly set Extensible property on public objects	The property Extensible should be explicitly set for public objects.	ALCops.PlatformCop.dll
PC0006	Warning	Design	False	Every object needs to specify a value for the Access property	{0} '{1}' does not explicitly have the Access property set.	ALCops.PlatformCop.dll
PC0007	Error	Design	True	Avoids a runtime error from using AutoCalcFields on a field that is not a FlowField or a field of type Blob.	The AutoCalcFields method should only be used with FlowFields or fields of type Blob. The field {0} is not a FlowField or of type Blob.	ALCops.PlatformCop.dll
PC0008	Error	Design	True	Avoid unsupported operators with placeholders in SetFilter expressions	Found operator '{0}' together with placeholder '{1}' in filter expression, which results in unexpected behavior. Use the StrSubstNo() method to circumvent this.	ALCops.PlatformCop.dll
PC0010	Warning	Design	True	Event subscriber var keyword mismatch.	Parameter '{0}' must use the 'var' keyword if the publisher parameter is 'var'.	ALCops.PlatformCop.dll
PC0011	Warning	Design	True	Handled parameters in event signatures should be passed by var	Parameter '{0}' must use the 'var' keyword if the publisher parameter is 'var'.	ALCops.PlatformCop.dll
PC0012	Warning	Design	True	Set values for FlowFilter fields using filtering methods	Direct assignment to the '{0}' field of type FlowFilter invalidates the filter logic for calculations. Use .SetFilter() or .SetRange() to set the filter correctly.	ALCops.PlatformCop.dll
PC0013	Error	Design	True	Incorrect number or type of arguments in .Get() method on Record object	Invalid arguments in call to '{0}' for record '{1}': {2}.	ALCops.PlatformCop.dll
PC0014	Warning	Design	True	Use two single quotes instead of double quotes in JPath expressions	Double quote character detected in JPath expression. Replace all double quotes (") with two single quotes ('').	ALCops.PlatformCop.dll
PC0015	Error	Design	True	Use IsNullGuid() to check for empty GUID values.	Use 'IsNullGuid({0})' method instead of comparing the GUID '{0}' with {1}, as this will result in a runtime error.	ALCops.PlatformCop.dll
PC0016	Warning	Design	True	Clear/ClearAll does not reset SingleInstance codeunit state	Clear(All) does not affect or change values for global variables in the single instance '{0}: Codeunit {1}'.	ALCops.PlatformCop.dll
PC0017	Warning	Design	True	Page record argument does not match source table	Argument {0}: cannot convert from {1} to {2}.	ALCops.PlatformCop.dll
PC0018	Error	Design	True	Page record methods require a SourceTable	SourceTable property is not defined on Page '{0}'. Method '{1}' requires a SourceTable.	ALCops.PlatformCop.dll
PC0019	Warning	Design	True	Invalid single-quote escaping in filter string	Filter string {0} uses incorrect single-quote escaping for a not-empty filter.	ALCops.PlatformCop.dll
PC0020	Warning	Design	True	Incompatible field types across TransferFields	Fields {5} and {6} with ID {0} have a possible incompatible field type ({3} → {4}) between TransferFields-coupled tables {1} and {2}.	ALCops.PlatformCop.dll
PC0021	Warning	Design	True	Inconsistent field names across TransferFields	Field with ID {0} resolves to different field names ({3} ≠ {4}) between TransferFields-coupled tables {1} and {2}.	ALCops.PlatformCop.dll
PC0022	Warning	Design	True	Possible overflow when assigning text to a smaller target type.	Possible overflow assigning '{0}' to '{1}'.	ALCops.PlatformCop.dll
PC0023	Warning	Design	True	Incorrect 'IsHandled' parameter assignment.	Do not set the 'IsHandled' parameter to 'false' or any value that may be evaluated as false.	ALCops.PlatformCop.dll
PC0024	Info	Design	True	The 'ApplicationArea' property is not applicable to API pages.	The 'ApplicationArea' property is not applicable to API pages and should be removed.	ALCops.PlatformCop.dll
PC0025	Error	Design	True	The ODataKeyFields property should use the SystemId field.	The ODataKeyFields property is set to '{0}', but should use the SystemId field.	ALCops.PlatformCop.dll
PC0026	Warning	Design	True	Mandatory fields must be exposed on API pages.	"Field 'Rec.{0}' exposed with the name '{1}' should always be included on API Pages."	ALCops.PlatformCop.dll
PC0027	Warning	Design	True	Avoid triggering table logic on temporary records	Do not execute table triggers or validation methods on temporary record variables.	ALCops.PlatformCop.dll
PC0028	Warning	Design	True	Table relation field length mismatch	The related field has length {0} ({1}) which is longer than the current field length {2} ({3})	ALCops.PlatformCop.dll
PC0029	Info	Performance	True	Use CreateSequentialGuid() instead of CreateGuid() for key fields	Use 'CreateSequentialGuid()' instead of '{0}'. {1}	ALCops.PlatformCop.dll
PC0030	Info	Performance	True	Use partial records on read operation	Use SetLoadFields before '{0}.{1}()' to improve performance by loading only the fields that are needed.	ALCops.PlatformCop.dll
PC0031	Warning	Performance	True	Partial records cause JIT load on full-field operations	Do not use '{0}' before full-field operations ({1}) on '{2}'. Partial records cause a JIT load, resulting in an extra SQL roundtrip and possible runtime errors.	ALCops.PlatformCop.dll
PC0032	Error	Design	True	Report layout property exceeds maximum length	Report layout {0} is {1} characters long, but the maximum is 250. Business Central will fail at runtime when selecting this layout.	ALCops.PlatformCop.dll
PC0033	Warning	Design	True	Duplicate OData EntityName on page controls	Control '{0}' has a duplicate OData EntityName '{1}'. This will cause a runtime error when using 'Edit in Excel'.	ALCops.PlatformCop.dll
PC0034	Warning	Usage	True	Placeholder argument count mismatch	The format string contains {0} placeholder(s), but {1} argument(s) were provided.	ALCops.PlatformCop.dll
PC0035	Warning	Performance	True	Use SetAutoCalcFields instead of CalcFields inside loops	Move CalcFields to SetAutoCalcFields before the loop on '{0}'. Each CalcFields call inside a loop generates a separate SQL query per iteration.	ALCops.PlatformCop.dll
PC0036	Warning	Usage	True	SetRecord() does not support temporary records	{0}.SetRecord(): You cannot use a temporary record for the Record parameter.	ALCops.PlatformCop.dll
PC0037	Warning	Design	True	Use Validate() instead of direct field assignment	Use Validate() instead of direct field assignment on '{0}'.	ALCops.PlatformCop.dll
PC0038	Info	Usage	True	Not all code paths return a value	'{0}': not all code paths return a value	ALCops.PlatformCop.dll
PTE0001	Error	Extensibility	True	Object ID must be in free range.	{0} '{1}' has an ID of [{2}]. It must be within the range '{3}'.	Microsoft.Dynamics.Nav.PerTenantExtensionCop.dll
PTE0002	Error	Extensibility	True	Field ID must be in free range.	Field '{0}' has an ID of [{1}]. It must be within the range '{2}'.	Microsoft.Dynamics.Nav.PerTenantExtensionCop.dll
PTE0003	Error	Extensibility	True	Procedures must not subscribe to CompanyOpen events	Procedure '{0}' cannot subscribe to '{1}' because it can increase the login time for Dynamics 365 Business Central.	Microsoft.Dynamics.Nav.PerTenantExtensionCop.dll
PTE0004	Error	Configuration	True	Table definitions must have a matching permission set.	Table {0} '{1}' is missing a matching permission set.	Microsoft.Dynamics.Nav.PerTenantExtensionCop.dll
PTE0005	Error	Extensibility	True	The compilation target of an application must be a value that is allowed in a multi-tenant SaaS environment	The compilation target is set to '{0}', but it must be set to 'Cloud' or 'Extension'.	Microsoft.Dynamics.Nav.PerTenantExtensionCop.dll
PTE0006	Error	Extensibility	True	Encryption key functions must not be invoked.	Encryption key function '{0}' is not allowed.	Microsoft.Dynamics.Nav.PerTenantExtensionCop.dll
PTE0007	Error	Extensibility	True	Test assertion functions are not allowed in a non-test context.	Assertion function '{0}' must not be invoked.	Microsoft.Dynamics.Nav.PerTenantExtensionCop.dll
PTE0008	Error	Extensibility	True	Page controls and actions must use the ApplicationArea property	{0} '{1}' must have a value for the ApplicationArea property so that they are visible to users. From runtime 11.0, you can specify on the application object level the ApplicationArea to use as default for all its controls and actions.	Microsoft.Dynamics.Nav.PerTenantExtensionCop.dll
PTE0009	Error	Extensibility	True	This app.json property must not be used for per-tenant extensions.	The app.json '{0}' property must not be used for per-tenant extensions.	Microsoft.Dynamics.Nav.PerTenantExtensionCop.dll
PTE0010	Error	Extensibility	True	The extension name is too long.	The length of the extension name must not exceed 50 characters.	Microsoft.Dynamics.Nav.PerTenantExtensionCop.dll
PTE0011	Error	Extensibility	True	The publisher name is too long.	The length of the extension publisher must not exceed 50 characters.	Microsoft.Dynamics.Nav.PerTenantExtensionCop.dll
PTE0012	Warning	Extensibility	True	InternalsVisibleTo should not be used as a security feature.	The InternalsVisibleTo setting will expose your internal objects to any extension with the given name, publisher, and ID. Access modifiers are not designed to be used as a security boundary, but for API development.	Microsoft.Dynamics.Nav.PerTenantExtensionCop.dll
PTE0013	Error	Configuration	True	Entitlements cannot be defined in an extension.	The Entitlement object '{0}' cannot be defined in an extension.	Microsoft.Dynamics.Nav.PerTenantExtensionCop.dll
PTE0014	Warning	Configuration	True	Permission Sets should not be defined in XML files.	The XML file '{0}' should not contain Permissions or Permission Sets. Instead, use the dedicated AL object 'PermissionSet'.	Microsoft.Dynamics.Nav.PerTenantExtensionCop.dll
PTE0015	Error	Extensibility	True	The extension name is not valid.	The extension name '{0}' is not valid.	Microsoft.Dynamics.Nav.PerTenantExtensionCop.dll
PTE0016	Warning	Extensibility	True	Permission set extensions should not include permissions for objects defined in another application.	Permissions for the object '{0}' should not be added through a permission set extension because it is defined in another application.	Microsoft.Dynamics.Nav.PerTenantExtensionCop.dll
PTE0017	Warning	Extensibility	True	Permission set extensions should not include permission sets defined in another application.	The permission set '{0}' should not be included through a permission set extension because it is defined in another application.	Microsoft.Dynamics.Nav.PerTenantExtensionCop.dll
PTE0018	Warning	Extensibility	True	Permission set extensions should not include permission sets which include permissions for objects defined in another application.	The permission set '{0}' should not be included through a permission set extension because it includes permissions for objects defined in another application.	Microsoft.Dynamics.Nav.PerTenantExtensionCop.dll
PTE0019	Warning	Extensibility	True	Permission set extensions should not include wildcard permissions.	Wildcard permissions should not be included in a permission set extension.	Microsoft.Dynamics.Nav.PerTenantExtensionCop.dll
PTE0020	Warning	Extensibility	True	Use the 'application' property instead of specifying an explicit dependency on Base Application.	The 'application' property should be used for expressing a dependency on the 'Base Application'. See https://learn.microsoft.com/dynamics365/business-central/dev-itpro/developer/devenv-application-app-file for additional information.	Microsoft.Dynamics.Nav.PerTenantExtensionCop.dll
PTE0021	Error	Configuration	True	Defining reserved namespaces is not allowed.	The namespace '{0}' is reserved and must be renamed.	Microsoft.Dynamics.Nav.PerTenantExtensionCop.dll
PTE0022	Info	Extensibility	False	The member ID should be within the allowed range	The ID '{0}' for the {1} '{2}' is not valid. It should be within the range '{3}', which is allocated to the application. This warning will become an error in a future release.	Microsoft.Dynamics.Nav.PerTenantExtensionCop.dll
PTE0023	Info	Extensibility	True	The enum ordinal value should be within the allowed range	The ordinal value '{0} 'for the {1} '{2}' is not valid. It should be within the range '{3}', which is allocated to the application.	Microsoft.Dynamics.Nav.PerTenantExtensionCop.dll
PTE0024	Error	Extensibility	True	Moving tables or fields is not allowed on per-tenant extensions.	'{0}' cannot be moved in a per-tenant extension.	Microsoft.Dynamics.Nav.PerTenantExtensionCop.dll
PTE0025	Warning	Extensibility	True	Avoid using duplicate object names	An object of type '{0}' with the same unqualified name '{1}' already exists in one or more of the dependencies. This can cause runtime issues and compilation errors in dependent apps.	Microsoft.Dynamics.Nav.PerTenantExtensionCop.dll
PTE0026	Hidden	Extensibility	True	Table fields should use the AllowInCustomizations property	The field '{0}' should have a value for the AllowInCustomizations property and its value must be different from ToBeClassified and Always. From runtime 16.0, you can specify on the application object level the AllowInCustomizations to use as default for all its fields.	Microsoft.Dynamics.Nav.PerTenantExtensionCop.dll
TA0000	Info	Internal	True	Analyzer threw an unhandled exception	Analyzer '{0}' threw an exception of type '{1}': {2}	ALCops.TestAutomationCop.dll
TA0001	Info	Design	True	Global procedures in test codeunits must be test methods	Global procedure '{0}' declared in a test codeunit without a [Test] attribute. Test codeunits may expose only test procedures; mark this procedure with [Test], make it local, or move shared logic to a library codeunit.	ALCops.TestAutomationCop.dll
